file_name,date,date_time,language_code,random_number,iso8601
itaque.jpg,1990-03-28,2008-10-02 20:03:00,or,8,2012-11-27T17:56:43
expedita.html,2019-11-02,2014-05-05 13:47:43,crh,57059966,1982-03-28T03:01:07
at.mov,1987-01-11,1994-02-12 19:37:41,he,285899160,2019-12-16T08:13:20
sint.flac,2013-07-09,2017-08-11 12:07:51,yi,1838537,1997-07-28T13:19:02
ipsum.avi,2013-02-08,1971-05-22 20:13:04,nb,798,2010-07-11T16:41:28
nesciunt.bmp,1978-04-10,2002-09-07 17:49:00,nhn,1752037,2001-07-30T09:35:05
corrupti.wav,2019-03-30,1980-07-22 12:32:04,eo,7887951,1982-02-15T19:03:49
est.png,2013-04-04,2004-06-04 15:16:44,fr,86456,1985-02-10T23:29:11
nemo.mp4,2007-03-26,1981-10-16 22:12:31,lv,345287541,1976-12-21T02:28:02
earum.mp3,2014-04-21,2017-03-20 00:15:56,crh,617080864,1995-04-25T03:23:04
placeat.mp4,2001-02-15,2001-02-13 23:37:06,aa,31,2007-02-13T11:59:37
praesentium.csv,2018-10-26,1977-09-13 22:48:50,sr,2609,1983-07-21T16:26:50
pariatur.mp4,1987-01-11,2008-07-31 13:36:28,te,3,1981-01-09T11:19:00
quia.mp3,2014-03-14,1998-09-23 17:36:34,mk,35903,2002-12-28T02:18:52
repellat.docx,1997-07-09,1993-06-23 10:54:14,ts,855451632,2012-06-23T02:29:31
exercitationem.flac,2009-03-06,1988-06-21 09:52:42,zu,9910,2004-09-20T02:38:37
totam.txt,2002-08-09,1982-06-24 16:13:53,tn,4032,1972-03-09T14:28:40
et.pdf,1974-06-11,2017-11-11 19:56:55,ayc,261872,1978-04-14T09:03:05
voluptate.mp3,2020-05-08,1973-07-02 08:00:49,bho,729772528,1977-09-04T19:57:13
ex.jpg,1975-11-19,2015-02-02 11:44:30,mk,47214,1997-01-07T19:31:16
enim.webm,1975-07-10,1995-08-29 06:31:06,ur,527429,1989-08-19T21:07:07
ad.mov,2007-01-20,2005-09-24 09:17:41,tl,114166286,1974-08-21T15:26:53
quam.avi,1990-04-22,1998-01-31 05:22:37,gd,83199989,2014-05-13T05:03:27
suscipit.tiff,1981-08-05,1973-04-14 18:08:43,sid,24178401,2000-05-03T17:35:29
aliquam.mp3,2017-10-17,2014-12-04 11:33:49,ms,648427,2018-06-27T21:15:30
cum.mp3,2021-11-20,2020-10-24 19:12:53,tig,205,1989-11-28T05:39:26
et.wav,2007-05-02,1994-02-26 14:34:40,tg,0,1975-11-18T09:55:53
asperiores.html,1982-05-10,1982-01-27 09:07:27,mhr,17,2007-11-11T02:18:06
voluptate.gif,2005-09-05,2021-02-04 07:29:44,ak,2314,2010-01-18T20:19:29
delectus.json,1994-03-08,2019-06-01 00:33:12,ayc,67,2023-04-14T20:13:59
iusto.avi,1994-10-06,1975-01-18 17:21:14,uk,772240460,1997-06-11T07:18:13
eligendi.png,1993-03-09,2003-12-05 17:56:47,km,482546493,2017-06-12T01:55:10
enim.ppt,2003-07-22,2022-11-22 09:31:05,sa,36,1973-03-02T22:06:34
velit.jpeg,2011-03-15,2018-06-02 17:47:12,mai,99,1997-02-14T17:20:14
nihil.ods,2002-01-15,2014-09-30 13:22:14,ko,3720,1984-07-23T03:50:47
corporis.tiff,2006-09-02,1996-12-15 08:45:30,mr,4333,1983-01-10T13:30:06
soluta.mov,1988-06-15,1980-07-20 02:47:23,si,1846,1986-08-18T16:25:43
nam.xlsx,2008-10-26,1984-10-27 20:14:38,kk,4,2004-07-26T15:16:33
nihil.flac,2021-06-07,2022-10-20 12:16:58,nn,2628012,1973-08-12T20:45:32
rerum.js,1986-07-18,1983-10-06 14:58:44,et,3,1985-12-30T01:34:11
explicabo.webm,1989-03-27,1989-03-22 04:04:47,ff,46,1980-10-23T12:44:53
excepturi.bmp,1971-10-18,1997-06-16 02:31:28,da,799,1976-04-19T15:40:01
impedit.js,1980-09-24,1982-09-15 21:56:01,oc,31172,1981-12-17T13:14:19
enim.wav,1976-09-24,2008-07-06 10:36:32,om,74689049,2022-03-10T09:32:11
necessitatibus.mov,1971-08-24,2001-01-21 00:26:04,sid,314664529,1970-09-23T15:35:44
magnam.key,1985-08-21,2015-12-09 19:35:28,gu,1404692,2009-08-10T02:20:26
a.bmp,1992-12-18,1985-01-23 15:57:43,brx,16,1989-02-06T22:09:07
reiciendis.mp3,1981-03-07,1997-11-25 10:12:56,ayc,28836794,1994-03-12T12:19:51
quia.js,2017-02-04,2003-05-08 15:24:21,bs,138902,1978-03-05T20:46:34
ratione.webm,2019-07-05,1990-12-22 23:33:56,csb,241862492,1980-05-07T15:48:07
temporibus.jpeg,1990-07-20,2022-05-14 08:37:17,nds,981,2019-03-22T19:37:57
veritatis.webm,1970-05-04,1985-06-17 09:12:42,km,995180019,2002-03-27T15:08:39
id.bmp,2005-05-18,1971-09-29 20:07:37,fil,7,2002-04-09T09:02:03
magnam.css,2007-01-27,1997-01-11 17:36:37,ts,48082,1976-12-29T07:06:01
tenetur.mov,1986-02-22,1972-02-05 02:11:21,km,19785,2017-03-02T02:57:35
hic.key,2004-08-27,2014-10-25 10:45:31,ha,4,1995-04-04T10:58:42
nostrum.txt,1971-01-13,1983-03-11 17:03:10,tr,2,1986-08-29T18:01:01
eligendi.odp,2008-09-15,2003-11-16 02:17:02,mt,37945297,1993-09-28T19:27:17
laborum.webm,2009-09-26,1988-05-09 06:59:37,cv,8550583,1992-03-08T04:11:28
modi.png,2011-06-11,1981-09-13 01:24:28,sv,50123715,2018-04-30T05:33:01
omnis.csv,1980-11-08,2022-06-18 11:07:39,bo,30218233,1980-07-17T09:15:31
delectus.csv,1988-04-04,2018-02-25 00:50:07,wae,4211975,2006-03-02T21:39:47
dicta.wav,2023-06-12,1980-10-08 17:28:22,tg,435459093,2006-02-22T07:14:49
laboriosam.mov,1982-02-09,1977-03-23 07:01:41,th,5,2011-04-08T10:58:34
praesentium.mov,2005-08-27,2013-07-17 14:29:54,is,90469955,2008-12-23T16:29:54
nulla.wav,1994-10-24,1971-07-20 10:56:50,tg,2306,1975-05-20T01:29:51
incidunt.tiff,1984-11-04,2017-12-05 22:10:39,dz,65,1988-07-25T08:09:35
temporibus.odt,1972-07-21,1978-05-24 02:06:30,so,63783423,1972-08-31T11:37:58
provident.flac,1974-10-14,1973-04-21 10:36:51,id,864016,1991-11-16T14:49:50
sed.flac,2012-11-07,1979-12-05 02:19:52,li,9,1997-02-16T13:50:46
deleniti.doc,2007-10-05,1986-01-26 11:03:49,nhn,1333,2007-01-19T06:50:30
delectus.webm,1975-08-17,2016-08-23 14:56:35,ms,7846186,2016-03-23T19:37:16
nihil.css,2009-05-01,1998-07-17 18:51:59,dz,7,2021-03-14T16:02:15
ipsam.mp4,2001-01-30,2004-02-07 20:26:15,raj,394796,1994-01-22T16:56:19
odio.gif,2016-08-12,2015-06-28 02:51:42,ayc,0,1972-02-05T15:55:44
a.flac,2003-09-29,2000-11-23 22:31:20,bs,10866747,1991-10-13T07:35:49
magni.doc,2013-03-01,2018-08-15 13:21:06,ta,58,1973-04-29T10:14:10
saepe.json,1990-07-05,2003-04-01 11:47:36,iw,789,1991-01-08T21:59:06
error.webm,1993-08-23,1991-10-05 17:46:41,ru,14183704,2009-10-16T04:55:09
ipsam.webm,1971-04-22,2013-07-14 19:29:56,br,381686673,2011-12-02T18:01:23
optio.html,2022-01-10,1979-01-18 11:58:16,se,320257364,1993-05-06T13:24:47
voluptate.mp3,2013-12-22,1987-11-02 18:06:04,li,200544912,2003-12-17T08:55:30
odit.key,1978-08-07,2016-03-16 09:47:00,zh,724,1985-11-22T07:02:27
perspiciatis.css,1988-03-26,1976-06-11 06:26:40,oc,22382,2023-08-08T14:48:42
autem.wav,2005-03-10,1972-01-03 00:12:11,ug,384969,2008-02-23T05:41:39
consectetur.ods,1971-07-06,1987-10-08 23:37:23,dz,19,1983-09-17T08:34:30
optio.wav,2002-06-22,1984-05-26 15:06:11,th,16609051,2001-05-02T19:23:43
consequatur.ppt,2010-04-10,1999-06-16 16:50:23,aa,17953,2005-01-12T04:27:53
sunt.xlsx,1995-04-20,2022-05-09 06:53:38,ff,91795069,2002-11-16T02:47:53
libero.tiff,2001-10-15,2005-05-08 11:43:11,ks,83157238,1981-08-21T04:57:51
dolor.flac,2020-07-13,2000-10-10 07:45:01,ff,597114176,1985-12-31T00:39:59
facere.wav,2016-10-11,2020-03-24 16:47:51,as,5719623,2021-03-13T10:25:59
repellat.doc,1991-01-06,2008-05-13 01:35:13,quz,50569,2018-09-24T21:28:06
eos.mp3,2002-02-18,2017-06-09 04:28:06,ff,6,1998-04-20T10:56:59
nam.tiff,1979-01-06,2023-05-21 12:29:46,so,755004967,1980-02-23T16:15:17
ipsam.wav,2017-07-23,1976-08-26 15:52:07,nan,117,1988-06-11T05:45:36
accusamus.js,1972-04-05,2001-03-04 00:35:30,kn,607,2001-08-19T04:47:29
voluptates.webm,2019-06-27,1997-03-30 17:43:04,ast,196,1990-03-03T11:10:51
distinctio.wav,1994-12-11,2003-01-20 10:24:35,or,6491,1983-03-09T22:49:07
cumque.mp3,2001-07-17,1999-03-04 23:39:20,tn,9,2002-06-11T20:52:11
voluptate.html,2011-09-16,1980-11-20 03:51:26,ro,19,2008-05-05T12:42:03
eius.mp3,2006-06-14,1970-11-07 04:35:53,ko,69,1980-01-14T11:42:47
cumque.mp3,1977-11-07,1982-12-05 14:04:09,nhn,2,2008-07-07T09:23:36
ut.html,1993-02-02,2013-08-12 08:20:30,wo,6,1971-05-24T12:32:05
fugit.gif,1987-07-15,2021-04-23 07:14:15,tk,43407173,2006-04-28T21:52:26
vel.avi,2004-09-11,2010-10-22 17:31:29,en,40,2006-04-25T10:31:05
eos.png,2016-05-14,2001-03-14 03:06:54,sl,218613,1983-03-16T17:53:51
illum.ods,1994-04-02,2020-07-24 15:42:25,it,7386,1988-02-14T09:08:35
nemo.html,2001-01-13,2000-09-27 14:31:07,af,9,1984-05-02T22:32:09
ea.mp4,1988-05-05,1992-12-06 03:19:16,mr,5629598,2022-01-25T18:05:13
aspernatur.numbers,1997-05-27,1990-04-27 00:11:12,fo,39,1983-03-18T02:27:59
veritatis.css,1975-03-23,1973-02-01 15:47:38,iw,45860248,1981-10-22T00:57:43
fuga.flac,1992-04-11,2001-04-22 21:49:13,st,2,2021-09-05T11:04:10
at.mov,1998-01-22,2009-10-18 04:13:34,ve,81929,1977-04-11T09:57:50
nihil.js,2017-07-14,1971-07-15 17:00:54,oc,347874,2004-11-15T02:13:50
modi.xlsx,2009-10-02,1970-11-08 09:57:20,bs,50,1994-09-04T11:13:13
repellendus.css,2023-08-03,2013-07-17 04:18:48,ha,331,2004-07-29T06:53:02
quo.flac,1982-01-11,1973-03-13 09:58:50,yo,3462,2007-07-16T07:06:12
magni.jpeg,2000-06-06,2000-11-16 03:24:34,es,521,1973-02-09T07:42:45
illo.doc,2021-05-19,1999-07-27 00:44:50,sk,8954,1991-05-30T01:09:30
laudantium.mp3,1992-05-23,2018-06-10 01:59:00,bo,406594,2015-10-03T16:24:52
atque.json,1991-10-03,1989-06-01 05:02:26,ro,75,2021-10-31T02:32:55
quis.odp,1991-09-13,1981-07-12 13:59:20,te,1134492,2007-10-01T01:07:58
assumenda.avi,2010-09-26,1990-05-17 18:17:13,quz,45486465,1990-05-01T17:02:02
omnis.numbers,1999-12-13,1989-06-02 00:59:46,li,450,1979-03-15T19:18:45
quibusdam.mp3,1990-09-24,1989-02-02 21:27:40,sv,3,2006-08-31T09:54:00
aliquam.mp4,1977-09-23,2005-08-21 19:18:13,he,53394435,1984-06-09T22:35:32
exercitationem.mp3,2003-12-21,2021-11-13 09:26:26,de,94,1982-06-06T04:21:22
velit.tiff,2020-12-16,1993-07-01 06:53:48,li,565534,2020-02-07T13:26:08
incidunt.js,2018-06-18,2001-03-16 09:11:11,it,69199927,2005-11-11T01:05:10
velit.pdf,2013-02-07,2021-12-10 14:29:56,ca,505112,1991-03-29T16:02:49
doloremque.odp,1991-06-04,1992-05-23 16:39:31,niu,68,2012-10-10T05:41:02
sequi.html,2000-10-01,1976-05-15 06:19:38,niu,3229,1976-08-05T21:17:20
consequatur.xlsx,2022-07-15,1982-05-30 19:34:32,ast,2460,2008-12-14T06:35:04
enim.txt,1973-02-03,1995-06-28 13:30:00,gl,82959503,1986-07-12T23:51:45
dolores.mp3,1973-01-27,2000-05-12 16:32:30,mt,19,1983-04-02T23:32:11
molestiae.flac,2022-01-11,2001-11-09 05:57:49,nb,74173668,1998-03-02T12:45:07
consectetur.png,1984-08-14,2020-09-15 00:37:10,lo,37448455,1982-07-24T00:42:39
voluptate.js,1988-03-25,1983-04-28 02:44:51,hi,140334658,2017-07-20T23:24:21
dolore.xls,1976-08-20,1991-11-17 01:44:01,li,3346,1985-09-21T01:19:10
nostrum.jpg,2015-09-16,1996-11-17 07:03:09,fo,688,2008-08-04T21:19:24
consequatur.html,2020-03-29,1991-12-09 15:28:26,csb,1,1992-10-29T11:24:31
labore.flac,2000-11-10,2004-12-08 21:56:19,crh,961644254,2008-01-21T18:29:01
vero.webm,2023-05-28,1982-02-13 09:09:11,eu,66,2008-05-16T20:31:08
error.numbers,2013-06-10,1979-05-15 04:12:47,tg,11735551,1984-02-21T04:31:47
aspernatur.mp3,1987-11-13,1984-08-21 11:28:49,hi,5913,2013-11-15T23:30:04
inventore.avi,2012-09-07,1984-09-17 21:47:37,da,8,1988-09-12T05:14:49
debitis.gif,2013-08-23,1998-12-12 05:36:38,et,9,1981-10-05T08:58:17
porro.xlsx,1993-07-29,2007-11-07 21:06:18,ta,18145,1980-11-02T13:46:33
modi.doc,1995-07-29,2010-11-25 12:37:05,sd,6587,1985-08-14T08:30:34
similique.avi,1984-07-09,1987-07-17 14:23:51,cs,37504813,1974-04-02T00:51:05
voluptas.pdf,1993-08-24,1987-06-28 11:03:28,he,79,1972-06-14T09:50:28
modi.mp4,2013-12-12,1997-04-26 15:56:45,hak,1895,2004-07-31T11:11:11
ut.bmp,2005-06-28,2002-08-13 15:47:17,nso,59,1994-12-04T14:03:22
dolorum.mp3,1981-03-28,1977-07-20 20:09:55,yue,4363,1974-07-11T05:54:10
culpa.csv,1970-05-19,1983-04-26 22:33:31,hsb,8313,1983-02-16T02:29:18
odio.js,1985-09-21,2008-02-12 04:50:12,csb,296,1990-02-05T23:54:15
recusandae.tiff,2002-01-01,2007-07-13 06:41:12,eo,6849,2011-08-15T09:35:58
ab.mov,2021-02-04,2020-10-04 07:54:42,unm,68,1979-11-22T01:00:50
corporis.doc,1986-03-21,2010-09-29 05:37:46,fa,55,2006-12-18T13:47:22
eum.flac,2018-09-28,2005-08-16 22:50:12,uz,6653,1982-07-09T08:59:51
ad.numbers,2013-08-13,2021-02-22 07:45:31,cmn,487159443,1998-04-21T07:29:45
incidunt.txt,2006-01-09,1974-06-20 03:55:39,hsb,7982,1983-04-15T19:13:16
iusto.xls,1998-05-25,2013-10-30 23:16:51,ckb,6974018,1992-04-05T23:45:30
nihil.docx,1971-12-20,1986-11-23 20:48:16,ar,33704,2018-01-06T02:49:20
assumenda.avi,2019-02-24,2012-01-24 02:55:31,ky,74,2016-04-18T10:05:44
dicta.html,1987-08-31,2019-06-13 05:16:39,gd,4342,2023-01-27T11:32:19
voluptatum.mp4,1997-12-31,1973-03-18 02:24:49,ts,2,1977-01-10T16:44:00
omnis.bmp,1992-04-28,1999-11-19 07:21:01,en,2485,2001-02-16T08:08:33
voluptatum.pdf,1997-08-08,1991-11-17 17:44:32,byn,72076130,1974-10-31T15:31:41
perspiciatis.mp3,1996-01-01,2010-10-05 00:09:05,az,55877989,1987-10-05T10:47:47
exercitationem.html,2011-01-22,2023-05-08 02:35:09,raj,752515,1979-05-18T07:15:42
rem.css,1994-12-19,2011-12-03 11:58:31,nds,487350496,2000-08-21T13:32:49
minima.mp3,1978-02-08,2016-04-29 14:09:50,iu,56435061,1976-01-03T19:36:41
sunt.gif,1972-09-27,1970-05-11 17:46:31,iw,16506,2010-09-02T08:31:25
perferendis.txt,2011-08-12,1979-02-23 23:47:16,yue,439933110,1974-03-07T06:44:51
ad.mp3,1986-02-24,1972-08-04 00:45:39,az,6,2000-01-30T11:41:43
nulla.avi,1997-10-13,2008-05-18 17:26:29,mg,952714903,1970-05-01T02:16:58
alias.jpg,2021-09-01,2014-05-18 12:05:44,be,27557,1974-07-25T21:17:45
necessitatibus.mp3,2009-06-07,2011-11-19 04:57:51,mn,26753,2001-11-17T19:09:26
et.xls,1991-09-24,2001-03-20 08:03:15,sc,8652,1980-10-27T16:00:57
alias.mov,2002-01-16,1998-09-12 05:10:08,sat,971175723,2015-10-07T19:28:15
quia.html,1974-10-25,1991-10-14 12:44:56,ur,77185460,2003-03-28T23:51:18
dolor.tiff,1992-02-25,2021-10-26 07:21:10,sv,31,1996-12-03T07:28:37
quasi.numbers,1988-04-08,1993-04-10 14:47:41,tr,1458,1997-01-26T12:21:53
fugiat.mp3,2004-09-26,1982-04-15 04:00:24,ps,6,2001-09-05T04:30:24
eligendi.pdf,2002-08-23,1983-11-03 09:19:35,ti,6248368,1975-09-23T06:56:17
fugit.avi,2009-04-02,1991-04-22 13:51:21,ht,478192834,1993-11-20T13:54:36
fugiat.webm,1997-11-13,1987-10-22 02:45:25,he,849,1975-12-05T07:11:00
ratione.mov,1998-01-04,2009-06-27 00:09:56,mhr,71,2007-12-20T00:00:33
temporibus.flac,1994-05-16,1995-06-18 15:55:38,tg,612257110,1984-10-08T15:51:24
pariatur.jpeg,1992-08-17,1985-12-16 22:04:43,ln,586642302,1987-10-31T15:02:38
magnam.js,2016-08-03,2012-02-19 04:36:14,kl,188030296,2019-10-04T16:50:09
impedit.ods,2021-10-18,1983-04-16 03:40:39,ca,24060929,1993-01-27T16:03:14
esse.flac,2022-08-11,1982-11-07 04:13:48,nl,7961,2016-11-11T20:38:14
odio.wav,2000-11-18,2004-11-25 12:30:56,lt,502670853,1979-03-29T06:05:06
repudiandae.txt,1988-12-27,2016-04-11 12:22:27,ar,91986,1974-05-21T19:30:25
impedit.json,1993-05-17,2023-04-22 04:57:48,yi,798522,1974-07-13T19:44:03
exercitationem.flac,2006-01-11,2009-08-21 15:18:11,bo,726813714,2012-11-30T16:51:19
cupiditate.jpg,1988-06-12,2003-02-08 19:44:55,mk,1970,2007-01-31T12:26:06
necessitatibus.jpg,2006-08-31,1997-10-07 09:52:47,ss,395,1996-12-30T15:28:13
labore.bmp,2022-09-14,1989-08-22 07:17:14,iw,7386,2005-07-11T17:34:59
totam.flac,2001-05-12,1987-12-14 13:16:22,sl,87,2007-04-04T17:08:35
quis.css,2023-05-11,2005-08-21 08:14:21,am,73474,1972-03-01T05:22:22
doloribus.pptx,1980-06-21,2011-10-16 06:43:38,si,31820946,1999-02-26T10:43:07
officiis.bmp,1974-02-25,2005-03-29 11:30:11,st,8965,1998-01-12T13:04:54
non.csv,1983-11-25,1972-03-01 10:04:31,sk,27342,1982-06-21T06:34:29
odit.webm,1981-04-19,1972-03-02 18:52:34,ru,1756,2009-09-12T15:49:24
labore.png,1986-11-26,1979-03-02 00:06:47,tg,8,2021-06-23T15:46:11
nostrum.wav,2020-11-21,2010-06-23 03:08:43,doi,8282,1979-11-06T03:31:52
ex.js,2016-03-08,1992-01-14 23:51:46,el,5331,1988-02-03T05:15:30
similique.mp4,2018-04-22,2004-03-01 04:16:47,tk,90420,1989-06-02T02:53:23
sed.mp3,2011-08-26,2019-12-06 05:34:47,bg,6510409,2001-06-14T11:29:58
debitis.mov,1991-08-22,1986-11-27 09:00:37,tr,89524,1975-06-14T11:12:39
libero.pages,2020-12-30,1980-07-05 01:26:46,id,33,2012-03-30T06:33:02
dolore.css,1976-12-09,1983-07-10 14:30:26,mai,61475074,2017-08-06T08:28:23
odit.wav,2017-06-09,2010-05-04 14:29:22,af,1944664,2021-04-02T12:44:36
ipsa.xlsx,2021-03-16,2016-12-19 11:31:15,et,626464351,1983-04-10T19:26:54
sit.docx,1983-11-12,2009-10-14 07:57:11,hy,16659,2000-09-17T21:21:38
reprehenderit.bmp,2002-10-13,2018-09-15 21:21:10,ia,265461614,1989-06-17T20:33:37
eligendi.avi,1974-08-15,2008-04-07 03:29:06,yue,3259783,1994-04-12T13:34:12
eos.css,1976-12-11,2009-04-03 10:00:32,cy,22705,1996-06-22T18:35:39
ipsam.json,1991-12-05,1987-12-27 22:05:24,an,287014,1982-05-23T13:12:22
sunt.pdf,2005-06-10,1970-04-12 22:36:21,rw,9,2016-02-29T00:59:06
incidunt.jpg,1981-02-20,2005-12-04 02:22:12,brx,860338531,2008-04-30T12:13:57
molestiae.xlsx,1985-12-26,1999-11-08 05:26:36,it,77,1985-06-09T21:38:37
commodi.png,1985-04-02,2000-01-07 02:16:59,ts,477260,2007-09-05T19:39:17
quis.flac,1991-04-30,1982-02-02 14:55:04,kok,806,1991-03-04T14:16:36
iusto.css,1986-03-22,1970-10-22 18:06:59,sk,3,2021-01-17T03:08:18
perspiciatis.avi,1994-01-19,1994-04-05 15:40:28,ku,20603394,2014-12-25T11:13:50
at.jpg,2015-11-08,2015-02-22 14:39:36,ckb,4,1983-12-15T20:41:01
doloremque.avi,1990-05-26,1983-03-01 03:57:00,hak,786183984,1975-09-12T04:17:30
temporibus.css,1991-08-10,2017-10-09 12:50:57,tn,599616,1993-07-17T19:19:35
laborum.mp3,2013-08-17,2019-09-16 15:34:04,ve,3775,2011-04-12T01:31:05
expedita.pdf,2016-03-01,1980-05-21 13:06:42,yo,741416676,1982-08-29T17:24:06
modi.pages,2020-09-06,1998-07-25 07:15:54,ml,667657,1979-06-07T04:18:02
omnis.mp3,1970-11-09,1989-12-30 02:26:55,kn,85716,2015-06-08T23:10:02
assumenda.html,2015-12-19,2017-10-03 14:05:00,mt,34,1980-07-18T03:25:22
omnis.css,2019-01-10,1979-08-27 23:47:13,ckb,7,2013-04-09T08:35:51
perferendis.mov,1976-11-28,1977-07-24 23:28:01,et,4747,2004-11-15T10:17:44
occaecati.txt,2016-07-18,2023-05-19 02:40:45,bhb,9,1999-10-27T03:35:51
numquam.js,2009-10-20,1981-08-20 00:29:25,tt,8,2012-02-03T05:15:51
consequuntur.html,1997-09-07,1986-05-29 23:28:17,ka,5,2008-11-04T14:58:57
animi.wav,2002-02-21,1993-01-24 09:02:32,sd,3,2019-12-17T01:23:30
accusamus.mp3,2002-06-12,1973-04-21 01:17:19,om,945356580,1992-03-30T02:08:38
placeat.tiff,1972-05-24,1982-09-20 01:05:49,fy,585996,1970-12-27T12:39:42
harum.png,1988-11-02,1978-01-15 06:29:16,ko,60785734,1971-11-07T10:27:33
ea.jpg,1970-05-04,1981-06-01 16:52:06,kn,5144,2022-09-16T09:48:16
voluptas.avi,2004-11-04,1988-11-21 06:00:14,br,21741,2005-12-12T03:55:25
exercitationem.mp4,1990-12-21,2017-01-10 12:50:47,my,30682,1999-10-27T00:47:57
ut.mov,1983-12-11,2013-06-29 12:44:20,th,313141093,1985-05-24T10:26:16
debitis.docx,1977-08-08,1994-06-02 03:05:18,ja,5121,2008-05-04T20:40:54
repudiandae.flac,1984-10-19,2005-09-15 07:47:16,mhr,99245,2001-03-15T02:48:25
inventore.mp3,1989-12-31,1978-11-20 05:15:33,fa,8659,1977-11-28T13:16:29
et.flac,1973-04-19,1987-07-25 06:22:21,uz,1,2000-12-21T10:06:23
quidem.gif,1995-02-13,2019-03-10 04:08:46,ko,4138512,2001-12-20T19:05:41
itaque.flac,1979-06-23,1982-09-21 11:16:33,tr,484895,2005-09-02T07:37:14
laboriosam.png,1995-05-16,1970-05-03 03:46:58,byn,55044,2015-05-16T08:50:13
consequatur.wav,2023-05-05,2006-10-31 09:12:51,is,46734003,1980-04-29T02:50:31
veniam.avi,1990-11-10,1974-12-26 02:39:22,bho,3094,2020-03-20T06:47:19
laborum.tiff,2009-05-16,2005-08-15 14:59:38,se,57,1974-10-10T06:50:36
beatae.webm,1976-10-06,2007-07-01 09:24:08,mr,228,1981-07-21T02:44:23
quasi.ppt,1971-12-01,2012-09-09 09:58:25,iu,76538336,2015-08-14T00:23:57
doloremque.webm,2013-05-31,1982-03-16 17:42:10,raj,169,1970-02-06T13:18:16
recusandae.txt,1976-11-28,1975-10-17 12:08:12,nso,555372080,1982-10-17T06:52:58
magnam.webm,2014-03-29,1995-07-03 13:48:06,gv,2623366,2019-07-05T06:40:05
voluptate.pptx,1992-09-13,2020-05-14 06:43:10,ku,888,1990-06-20T23:49:57
minus.json,2019-06-21,2021-01-11 13:42:42,fo,67489773,2006-02-18T21:28:59
assumenda.txt,1978-05-02,1975-12-01 20:10:04,sid,61028,2008-03-16T17:22:22
amet.png,1981-12-27,1975-06-19 05:27:34,fr,936173,1986-08-24T11:48:41
quisquam.pdf,1981-06-03,1999-03-05 02:57:09,mr,800679713,2013-09-11T22:17:20
est.csv,1977-03-28,1970-11-11 08:14:22,wa,3,2018-06-16T09:36:13
officiis.jpg,1975-11-05,1985-05-10 19:57:59,sk,8445,2021-02-05T16:15:50
non.pdf,1991-09-13,1996-03-26 10:19:37,se,6721903,2010-05-19T05:54:24
odit.mp3,2011-04-15,1971-06-10 18:36:07,sk,9827723,1972-09-23T21:21:07
unde.tiff,2018-08-22,1986-03-24 22:26:31,ka,73656234,1970-02-09T23:01:19
ratione.mov,1991-07-25,1991-12-28 08:02:23,ug,576,1989-03-20T21:52:35
corporis.csv,2015-12-25,2005-04-10 11:09:24,gu,75,1999-06-02T20:41:46
quibusdam.html,1997-11-20,2011-12-03 13:58:54,ml,89460,1982-03-22T00:24:08
modi.wav,1976-12-18,2021-10-14 22:45:59,the,97412,1975-12-19T18:54:17
odio.txt,1977-09-06,1991-07-11 18:48:01,ku,4279,1997-03-08T17:46:42
repellat.flac,1991-01-22,1991-05-18 15:48:55,tr,42,2017-01-06T16:22:16
ratione.jpeg,2014-08-01,2022-07-04 17:01:16,kw,99,2005-03-15T17:43:21
placeat.ods,1994-06-18,1996-03-09 16:32:51,bem,6260923,1984-08-16T23:00:48
maxime.bmp,1985-08-22,2018-12-02 13:44:49,tg,151,1973-04-01T02:42:02
excepturi.jpeg,1994-04-28,1992-06-18 07:21:55,lij,9689,2007-11-17T07:15:10
assumenda.html,1994-03-13,1972-08-26 15:01:29,de,980,2020-12-27T12:43:29
adipisci.webm,1972-06-24,2018-01-25 18:11:45,ckb,38821472,2017-04-06T16:01:37
esse.bmp,2020-12-16,2018-08-29 03:12:29,mn,548,1998-06-05T20:23:11
rerum.mp4,2021-05-07,2019-06-06 19:22:02,cy,801,1979-05-28T15:00:25
aperiam.wav,1992-10-31,1993-03-30 19:08:35,mg,38990968,1983-08-20T05:51:13
tenetur.xlsx,2014-12-07,1982-10-03 02:46:03,ss,961,1975-04-24T23:54:36
quod.jpeg,1983-09-25,2004-07-28 06:11:06,ak,36,1979-05-09T18:44:31
aliquam.webm,2023-07-03,2002-12-09 13:27:46,zh,44246,1998-10-16T09:34:22
harum.csv,1994-03-29,2006-09-06 08:59:07,shs,1715299,2016-10-17T16:49:49
debitis.avi,1994-09-24,1991-05-19 04:08:13,st,12357,2016-05-13T12:45:06
labore.html,1995-04-24,1997-05-20 21:46:41,et,46580,1995-02-23T02:30:49
velit.jpg,1987-06-09,1980-08-08 00:49:53,ast,449064,2011-12-23T00:26:16
assumenda.pages,1987-09-06,1977-05-31 23:29:37,th,78,2003-06-13T17:19:03
impedit.wav,1980-11-11,2007-06-21 23:08:38,nb,4,1981-10-10T02:35:45
sint.jpg,1999-07-17,1990-12-25 08:20:09,te,77,1991-03-16T01:32:47
odio.avi,1982-12-19,1996-12-17 19:37:31,oc,5657,2008-01-05T06:31:38
non.mov,2013-04-06,1988-12-25 07:49:56,sv,1874,1987-10-28T01:19:23
optio.pptx,1981-09-07,1974-07-18 12:55:28,tg,2098064,2001-06-23T13:50:57
dolor.pages,1976-10-25,2008-05-04 23:58:13,fil,5685,1978-09-06T09:40:31
odio.txt,2011-03-01,1997-12-31 06:31:03,sl,283,2009-08-25T23:54:37
ducimus.docx,1974-09-27,1985-03-25 23:53:10,wo,895408137,2011-04-11T16:20:30
at.css,2019-01-15,2017-02-17 07:00:01,nds,7823,1979-02-23T04:52:22
molestias.wav,2020-09-30,1995-08-23 13:01:19,en,825546411,1984-11-09T19:35:39
neque.wav,2008-09-27,1988-04-04 14:31:31,nds,86533192,2018-05-08T20:38:36
fuga.css,2019-07-20,2013-02-07 06:21:39,sl,58409996,1984-02-26T21:17:56
fugit.wav,2010-08-26,2015-11-27 10:11:37,ml,75,2006-04-30T10:06:26
modi.png,1980-01-20,1973-08-12 07:41:28,ro,65940,1981-03-22T05:54:27
asperiores.mov,2009-12-11,1993-11-06 04:48:10,sat,85,2012-10-28T07:36:14
dolores.png,2000-12-15,2002-04-16 10:31:25,ku,189607,1996-07-20T02:42:54
aut.xlsx,1970-11-30,1996-09-14 22:53:16,gl,2,1970-11-09T20:28:34
harum.json,2004-01-30,2007-04-15 10:50:01,da,46,1978-05-28T22:35:35
in.flac,1973-08-15,1988-01-26 03:43:24,pt,669,1983-08-09T18:30:51
illo.html,1976-03-13,1986-10-30 02:03:24,zu,431,2003-09-29T00:23:09
eos.wav,1990-01-24,1982-12-26 21:41:06,kn,772912,2013-06-04T10:57:56
consectetur.css,2005-10-28,1993-09-17 00:19:08,mr,137835850,1985-04-06T05:13:32
eos.wav,1970-04-02,2012-01-29 13:25:41,da,81666590,2013-03-02T22:18:40
cupiditate.txt,1991-06-29,2015-06-04 18:34:02,vi,82805195,1986-06-08T16:17:39
consequuntur.flac,2009-10-26,2010-07-25 16:02:22,dz,230606,1988-02-14T19:25:19
nesciunt.avi,1979-07-28,2019-12-18 08:17:44,ur,8737508,1987-06-21T12:21:26
quos.js,1978-01-30,1988-02-04 02:45:21,bs,565237,1985-09-26T18:58:25
mollitia.wav,2021-10-13,1974-09-18 07:43:06,te,70,1997-10-13T14:59:58
et.mp3,1993-09-08,2017-02-15 08:28:32,brx,768744838,1984-10-13T00:26:41
non.mov,2011-10-19,1987-01-01 19:55:32,ts,1936641,2022-02-03T10:26:24
ab.jpg,1976-03-26,1970-07-08 00:22:01,gu,5,2017-05-02T09:19:32
in.wav,1996-02-10,1983-05-11 11:27:57,crh,507,2001-03-31T12:54:57
corrupti.mp4,1984-11-08,1984-03-18 04:35:14,tt,147277,2019-12-19T20:02:35
placeat.flac,2019-11-10,2012-10-10 01:01:56,mai,77688,1994-03-17T13:51:27
quia.css,1991-07-29,2015-05-23 15:43:22,hsb,4312415,2006-05-08T06:22:14
ipsa.txt,2001-06-25,1993-06-24 04:39:42,gv,207732,1993-02-05T01:28:01
iusto.json,2000-01-14,1971-02-13 03:11:53,te,4,2012-09-28T09:25:28
