language_code,city,iso8601,random_number,longitude,file_name,latitude,time
dv,Port Kevintown,2020-03-24T20:56:44,351,-12.635610,neque.png,78.282251,01:30:58
yue,Cliveport,1984-07-09T17:28:50,3028,157.383033,aut.bmp,52.381691,21:04:27
lij,South Aaron,1987-10-17T16:24:36,4,95.267325,magnam.wav,-3.3696475,15:10:42
ko,Lake Stuart,2019-06-09T09:08:30,8502488,5.663285,labore.html,40.556856,06:36:58
ta,Shawside,1980-08-07T12:50:04,6939372,-108.500231,eos.jpeg,19.4303245,00:37:59
tl,South Dean,2006-06-20T02:49:15,43,120.185529,repellat.txt,15.7082515,18:30:58
om,Murphyshire,1995-01-24T21:38:56,8543146,165.926006,praesentium.webm,-25.839190,07:09:46
ast,New Francesca,1991-05-11T12:46:48,70309,-99.234643,soluta.mp4,-12.766366,12:25:39
az,Franklinfurt,1978-09-28T11:00:24,12,156.957243,quia.avi,53.099337,02:30:48
lzh,Lake Francishaven,2019-07-21T05:55:13,98253681,177.281297,praesentium.mov,-54.1046695,03:09:02
yue,South Bethanytown,2008-10-30T08:34:14,30,-131.911359,hic.jpg,3.738112,21:54:51
ku,South Benjaminshire,1989-12-31T21:00:01,3210,64.951798,quos.wav,-50.179746,11:44:20
wa,Hollymouth,1992-03-02T09:54:09,0,96.506526,occaecati.mov,-44.3324815,06:15:26
nds,West Gemmaview,2001-02-24T03:23:33,7,-128.581796,illum.bmp,14.6699225,15:26:46
as,Port Connorchester,2013-02-10T12:17:55,84,-69.166736,itaque.js,-85.5565785,14:33:19
is,Clarkeborough,2005-04-17T16:25:16,5,-82.608500,odit.html,7.793523,18:41:43
gez,Rosschester,1996-04-20T10:41:11,67,-111.419849,ad.mov,69.7041835,02:05:33
hu,Lake Conor,2014-09-01T16:03:57,7480890,-89.611087,ullam.avi,-83.498133,22:21:10
el,East Denisville,2003-03-10T00:55:42,59556,-127.564096,sit.css,-2.6619815,01:42:41
byn,Colehaven,2015-05-08T04:57:24,32713,71.324448,atque.wav,-67.8376525,05:14:23
tig,Port Charlene,2001-04-06T03:09:55,68408462,-23.526811,porro.txt,-17.748191,04:02:17
os,South Oliver,1996-03-17T02:19:40,0,-121.348614,temporibus.mp3,-48.138595,22:50:20
zu,Lanemouth,2012-12-13T12:18:37,452390,72.131328,officia.key,-87.870026,00:05:13
nb,Walkerborough,1984-08-26T03:45:53,429025025,-129.884448,rerum.txt,-61.775459,06:53:07
sv,West Adrian,1977-11-12T23:35:56,3926061,38.135603,esse.jpg,37.2422795,02:03:23
tt,Port Nicoleborough,1998-07-30T06:10:40,916,-79.969181,doloremque.html,-4.5595735,17:04:59
uz,East Michaeltown,2014-12-05T13:52:03,81833197,-49.865691,incidunt.jpg,41.3266195,17:48:55
ko,Brianhaven,1993-03-27T15:45:11,36,-146.575083,rem.mp3,45.784779,09:31:43
wae,North Marion,2011-11-30T13:02:01,8158078,-105.090841,sunt.mp4,-17.1384955,21:11:59
kk,Christineborough,2007-04-06T05:54:59,577239627,-19.054958,corrupti.odp,63.236533,00:39:30
ht,North Irenechester,2001-05-30T01:52:12,506,51.277500,nobis.pdf,-30.6559865,15:25:29
bs,Parrybury,1998-07-17T17:00:39,8788,-59.886492,facere.docx,57.862452,10:58:11
shs,New Abdul,2001-03-07T18:28:28,6,169.541702,animi.mp3,45.6505845,00:51:51
ug,Cherylchester,2003-07-01T11:12:23,57257,97.566287,harum.mov,-62.3043705,05:52:28
bn,Port Roger,2017-01-14T20:34:09,392972075,32.753245,nam.png,-42.984462,22:13:41
wa,Ronaldstad,1980-06-02T21:50:14,550,50.975299,natus.txt,46.2872675,18:33:53
am,Edwardport,2001-10-07T16:49:03,600065,-68.459669,deleniti.png,-15.2622045,07:39:38
nr,Paigeport,2015-09-22T19:46:35,753009201,137.961207,labore.bmp,-89.6461545,03:19:54
doi,South Leah,1988-01-02T05:27:39,3,124.404055,optio.txt,-56.116810,11:40:59
lt,Leeborough,2020-09-16T16:33:19,2505,40.822815,libero.mp3,-13.5735195,20:29:26
gd,Rachelville,1976-05-06T07:17:37,15,-47.427165,consequuntur.jpg,-20.021475,21:01:31
kl,North Anneport,2016-10-31T15:44:05,2195,132.745962,ex.bmp,-84.059236,04:01:21
ckb,Neilmouth,1980-06-20T03:42:21,0,-126.917409,labore.wav,84.4544685,01:52:23
bho,Kathleenborough,2006-06-11T19:32:39,26045459,-171.497392,doloremque.mov,-89.946794,02:47:32
de,South Donnaport,1984-01-28T06:21:58,4,-82.468890,accusantium.mp3,47.6284155,02:31:40
el,Port Kathleen,1994-06-23T09:47:57,712338325,10.841442,minima.mp4,-41.7335765,10:31:02
os,Hendersonport,1988-11-01T15:26:28,94538752,85.930372,atque.pptx,62.6742345,01:25:57
yo,Frybury,1987-11-26T12:01:41,6884089,120.992252,qui.xlsx,87.0188125,07:50:25
sr,New Dianestad,2016-03-12T03:19:58,187074651,-25.958194,excepturi.avi,63.842440,23:23:45
sat,Turnerville,2007-06-26T05:43:10,49288,-54.722684,vero.csv,-20.548675,02:23:13
ber,East Danielle,1975-02-27T02:54:51,3,8.203830,odit.csv,31.7890735,20:19:26
kw,Port Frederick,2000-11-19T13:35:52,88,-40.604634,porro.pptx,-69.996335,06:08:47
pt,Scottland,2011-10-26T11:27:27,338,176.373479,iusto.tiff,-42.4913505,19:49:59
apn,Clarkemouth,2023-06-05T14:41:39,161150451,32.262191,tenetur.html,-4.849351,06:50:27
mg,East Kayleighland,2004-12-03T14:40:13,77000110,34.084300,earum.mov,-24.498507,10:06:23
dv,New Nigelville,2003-11-12T07:48:53,23295730,156.631481,occaecati.png,38.5738135,10:14:38
hu,New Staceyfort,1993-12-12T21:23:07,3504978,-138.601641,officiis.xlsx,44.147987,07:00:48
wal,Port Nigel,1984-10-08T19:32:32,3,-144.704486,accusamus.ods,49.731544,08:33:37
sv,Port Edwardside,1990-08-13T17:42:54,7326,-133.229102,itaque.mp4,33.754244,15:35:26
ug,South Kimberleyfort,1989-09-05T11:49:50,54412,-56.633729,dicta.pptx,14.3610065,23:21:38
yi,Freemanhaven,1980-11-19T09:52:30,179269,-121.363261,non.wav,-26.3514625,01:06:24
li,Tinamouth,2009-09-05T10:13:03,1,116.691359,nisi.jpeg,-10.294466,22:12:15
cmn,Richardstown,1994-04-04T19:31:06,18198230,154.196116,blanditiis.txt,52.2841415,11:06:39
oc,Lake Darren,1978-08-09T16:53:19,7718790,-41.112071,minus.mp3,39.0161365,15:28:49
ne,West Marymouth,2014-02-11T16:14:45,5458,-15.010359,ipsam.wav,58.5423235,15:45:14
ha,Woodbury,2010-03-10T06:12:43,199,102.907806,repellendus.gif,-1.2620635,22:06:28
mr,Warnershire,1995-07-03T11:48:38,373607,34.534597,ut.ppt,88.3608005,02:07:24
mr,Ashleybury,2021-04-19T03:34:37,26182425,161.955848,ea.wav,-55.6545505,01:32:05
mni,West Helen,1982-05-14T18:42:05,3517793,53.195544,repudiandae.tiff,46.951863,10:13:59
iw,New Jemma,2018-04-02T04:45:52,24692,92.642799,adipisci.png,-24.1085315,12:17:29
apn,Leeshaven,1974-02-04T00:51:20,63780305,-75.341584,iure.wav,48.9014545,04:14:13
yi,South Robinfurt,2018-04-03T17:52:45,2391156,-147.693393,nemo.jpg,45.323259,16:15:52
pt,New Rhys,2010-08-02T04:20:24,6524880,129.486938,officiis.json,22.768649,05:59:57
it,Garethview,1973-12-27T23:10:25,19979692,31.763260,est.mp3,-2.2170735,00:50:19
pl,McCarthyburgh,2004-11-10T12:28:47,8085934,-148.028942,quod.mp4,54.387853,19:01:44
af,East Sheilaville,1977-12-21T23:26:33,52061,-154.693644,cupiditate.webm,66.8567165,14:55:12
tk,Mossport,1993-03-02T09:26:46,2560183,120.838627,vitae.avi,-86.5313055,03:39:12
nn,Berrymouth,2002-01-14T22:52:38,3,92.342899,vero.jpeg,-89.5946125,13:06:04
ps,South Elaineville,1999-12-15T23:50:24,4726316,-142.375440,nisi.mov,20.990825,12:54:54
nr,Jamiehaven,1995-08-16T20:54:32,2844619,46.662443,minus.numbers,10.032855,13:01:17
ne,Port Ruthside,2013-06-09T03:04:22,9850,-163.221152,repudiandae.pages,64.0910555,17:54:53
am,Aimeeside,2007-09-17T03:22:30,318535504,-169.625277,molestias.csv,9.233436,02:54:23
da,Port Brettmouth,1999-08-30T18:34:23,881183,88.710816,suscipit.numbers,80.696258,15:06:26
nn,Port Josephfurt,1984-01-08T01:57:03,7506,-172.963366,sunt.wav,-72.4501795,18:07:40
kl,New Maurice,1994-05-26T23:26:29,1061570,-157.932733,ullam.numbers,-2.442159,13:42:45
quz,North Robinborough,2002-10-05T02:37:28,7,51.056764,beatae.json,-75.096263,07:43:19
wae,South Paulinebury,1993-05-08T10:20:54,827610040,-88.095564,distinctio.jpg,-44.380003,11:28:50
dv,East Duncan,2002-04-21T16:14:53,81569136,-30.911624,ad.bmp,-85.8546095,08:13:06
fy,Jeffreyburgh,1977-03-02T08:05:41,75,99.772549,sed.mp4,-28.929797,16:49:24
sid,Godfreyview,2015-02-20T07:34:11,844,157.176128,nulla.bmp,-13.984953,05:11:35
sw,East Bethhaven,1982-05-06T14:49:31,6,66.733285,vel.pdf,64.2134585,19:47:01
ms,Abbiefurt,1972-03-06T04:58:05,1,41.656519,laborum.json,24.1959695,14:05:11
aa,Charlesstad,2007-01-16T14:38:33,192,35.438626,praesentium.js,-10.6655545,21:22:51
it,Ellieport,2010-03-13T13:34:25,26205251,60.766022,explicabo.png,15.776585,06:47:06
sat,Brettshire,1991-09-23T18:34:05,8803,-153.299392,at.jpeg,-46.610347,03:04:40
wal,East Richardville,1991-11-21T04:00:49,6635,-122.022221,laboriosam.html,-46.730758,16:58:42
ar,Louischester,2020-09-26T01:22:27,7452,-37.721591,est.png,56.337347,07:21:45
ak,Hallmouth,2013-11-23T08:32:34,690,74.897250,hic.avi,82.5749985,23:59:20
cs,New Rhysshire,2001-01-23T13:04:22,99266892,163.126646,reiciendis.ods,-26.3473965,14:25:38
tl,Lynnehaven,2003-11-20T03:26:40,6047513,173.744980,sunt.odt,-27.3250685,13:24:34
lv,Smithchester,1999-03-12T23:40:03,96336,-179.223325,dicta.jpeg,64.7031205,05:06:20
de,Griffinport,1996-10-05T14:36:27,603126103,-124.214152,exercitationem.mp4,-25.2925905,14:37:38
nn,East Aaron,1982-01-19T02:26:34,4762536,-58.683594,similique.jpeg,75.560783,00:43:33
id,Lake Gemmashire,2018-08-06T09:54:20,157904,-29.632608,magnam.pdf,-70.791772,16:33:28
tr,Elizabethtown,1971-10-11T22:21:17,9705000,98.375333,optio.gif,-17.061828,17:34:47
gu,South Terenceview,2012-03-27T06:08:23,2526604,169.825376,deleniti.mp3,-10.5597465,12:19:10
bs,Oliviaport,1981-03-17T12:16:15,9,-35.681007,amet.pptx,-65.8271505,11:15:36
nn,Martinside,1991-02-15T16:26:58,2,-82.973585,quasi.webm,-88.2908005,05:19:35
mn,Billyhaven,2015-07-21T17:06:25,931005,98.121696,ullam.mp3,78.145378,08:29:56
ln,Kerryview,1993-06-05T19:47:56,561636911,31.518126,sequi.flac,-53.5325405,01:43:41
hu,Lake Aimeeville,2022-10-09T12:28:13,660670155,119.592347,occaecati.html,13.8881625,10:29:07
fr,Rosemaryborough,2006-10-30T07:23:01,45154346,169.114665,vitae.ods,-29.3820065,07:21:29
tl,Lake Deniseburgh,1997-10-04T04:00:21,4736,-102.414427,id.wav,54.581951,21:32:31
fy,East Abdul,1975-10-08T18:09:15,5743,37.066077,distinctio.jpg,82.400687,19:30:44
sw,Garybury,2021-01-27T22:23:30,41704,-34.463972,voluptatem.gif,-37.828470,17:46:11
fr,Port Tinachester,2014-08-23T12:52:30,887,7.376871,ab.pdf,-86.8734545,10:16:38
iw,Carolineland,1995-03-25T15:14:04,1848264,-69.973078,ab.avi,87.451304,02:00:55
wal,Sarahchester,2013-10-06T10:30:34,539196555,10.412841,dolores.html,-87.2942165,16:05:01
el,East Brettside,1972-09-08T16:04:07,1054319,139.673579,consequatur.tiff,42.4965535,22:43:03
yo,Hughesville,1989-09-07T18:01:40,153376,38.559778,repudiandae.mp3,-4.3991535,13:02:14
oc,South Andreafort,2006-09-01T22:56:37,4,3.304374,laborum.csv,9.157631,00:14:31
bn,Abigailtown,1979-09-28T05:42:44,860642,1.861310,totam.flac,-70.810386,03:10:15
ca,Collinshaven,1971-07-30T20:27:40,3647,179.704085,quasi.webm,-28.7838695,02:48:34
ky,Stuartshire,1996-10-31T13:19:27,37712411,-92.259155,omnis.csv,-36.9000235,11:01:29
bhb,Frostbury,1998-05-01T07:31:03,923235,169.649491,optio.doc,-33.6176435,01:35:15
sd,Wrightmouth,2012-05-29T18:39:05,342657302,56.555406,asperiores.webm,60.708130,13:34:09
dz,Harveyview,2000-05-27T21:27:47,30588636,19.052188,qui.webm,32.837242,13:35:33
as,Youngmouth,1974-11-21T11:25:51,5939306,-60.387028,ea.mp4,-13.088686,06:59:17
cy,Joanfort,1981-03-21T17:11:58,3855449,-8.733287,rerum.xls,-4.7112615,12:05:41
sat,Elaineview,2020-12-09T07:44:15,329504793,167.437597,iusto.mp4,-48.120844,05:22:14
lij,West Stephenmouth,1985-01-15T15:58:16,2,116.501646,autem.txt,-1.0050765,00:11:54
ru,East Vanessa,1993-12-21T12:32:45,584894943,158.333194,eos.wav,86.7538305,15:56:23
gv,Port Sianville,1983-01-23T16:11:42,6192726,-53.303838,optio.xlsx,45.870236,00:49:42
yo,Adammouth,1979-01-14T07:57:12,497897,-155.332966,deserunt.mp3,47.956770,06:08:25
kk,Harveyberg,1980-11-09T02:29:15,2342,152.327064,necessitatibus.flac,20.7346585,22:38:54
ss,East Tinaland,1999-05-01T14:30:47,383485864,133.108248,voluptate.avi,26.7770335,18:32:58
ku,Stevensshire,1978-09-04T14:57:13,0,145.829989,deleniti.html,49.272778,14:00:31
cmn,Begumstad,2018-08-04T15:31:13,410089650,164.927374,labore.docx,42.7942575,18:57:07
lb,Marianborough,2010-05-29T23:35:30,49031051,-71.156190,facilis.pptx,-72.2138445,20:12:07
ko,Mauriceshire,1987-01-26T01:26:25,19960,61.299816,incidunt.ppt,56.3501465,10:34:44
brx,Gracefort,2006-06-19T14:37:32,106,0.160683,itaque.json,-16.550190,09:42:58
sq,Jonesside,1974-03-20T04:13:18,679357235,-36.979716,quas.html,63.040562,12:56:21
ia,Leeland,2003-05-10T12:48:15,489923952,47.736801,veritatis.jpeg,88.597557,11:43:46
te,Annton,1980-05-22T07:30:11,6,37.301949,voluptatem.pages,66.801642,06:59:31
crh,East Darren,1976-03-03T11:54:50,39443,39.763923,enim.flac,-36.419273,22:36:29
an,South Markton,1998-06-24T15:01:44,71,-176.578622,sapiente.avi,-35.7447345,07:27:19
ti,Gillstad,2001-04-21T11:20:56,405303,30.664007,asperiores.pdf,-73.866058,23:47:13
hsb,West Kerryland,1997-11-05T14:02:33,91,-20.288209,autem.numbers,-77.9641295,03:53:02
lv,East Frederickberg,1990-10-17T03:03:30,188,160.692786,occaecati.ods,-46.815405,05:28:48
quz,Ashleighfort,1986-01-16T11:19:33,842,94.935384,adipisci.mp4,17.950775,11:06:42
en,Craigmouth,1989-02-28T13:12:07,7572,113.142873,tempore.wav,-34.639864,07:11:49
hy,Owenbury,1978-10-15T18:54:50,23175,-33.488394,necessitatibus.avi,-5.586142,13:42:34
wo,Frederickbury,1984-03-06T23:51:21,9,-170.512935,porro.csv,-7.484680,21:43:57
mg,Sylviashire,1980-04-02T14:04:32,412889279,-162.151850,tempore.bmp,-64.306231,10:09:29
hak,Lake Robertberg,2019-08-04T08:48:43,18409384,11.700520,delectus.pptx,73.708437,06:07:24
ta,New Dennisside,2010-07-23T21:39:39,354485161,51.052774,adipisci.doc,-73.648649,18:25:00
pa,West Rogerville,1975-03-17T22:04:21,3036,-40.322101,minima.js,-0.637697,02:17:12
tl,New Francescatown,2012-07-01T09:11:08,567464437,108.190811,praesentium.odt,38.985813,08:55:19
ha,North Ruth,1974-05-19T10:24:40,408,85.229685,labore.flac,-86.414505,01:42:16
tg,Deniseside,1992-11-18T18:42:35,590256016,134.826943,ex.jpg,10.208176,08:20:27
tr,Kieranburgh,1994-07-01T06:15:33,67,-45.415182,porro.js,-68.597957,12:25:21
pl,West Declanland,1970-05-09T18:49:44,145,53.756904,nulla.xlsx,36.4181295,22:45:20
mi,East Derekmouth,1991-06-26T08:03:39,8,-104.869807,atque.json,-62.745687,17:04:29
aa,Port Adriantown,2019-08-12T03:35:57,4,-155.757377,impedit.png,-14.682190,14:08:24
tk,Damienville,2000-12-31T18:03:15,7,-22.072999,necessitatibus.mp3,35.6632805,12:04:40
az,South Philipberg,2015-09-17T06:29:46,8326,-12.626013,quo.flac,-37.090244,12:41:38
te,Butlermouth,1993-09-18T00:50:02,931708,-55.408018,iusto.flac,-1.2047815,08:03:44
sl,South Elaine,1992-05-04T16:49:57,84634,-132.430463,ut.odp,-1.8169295,15:53:34
ayc,North Leanne,1994-11-13T00:09:29,9,74.270532,omnis.docx,-70.7191215,17:48:38
hu,East Louise,2005-09-21T21:53:50,693,-42.844264,nemo.tiff,-76.5873775,00:54:43
hak,East Samanthamouth,1987-08-29T16:17:14,1745,-46.353576,ex.mp3,-5.4134065,13:08:48
sk,New Brian,1974-01-26T13:44:51,635936463,168.867963,nemo.jpeg,-40.2851015,22:53:53
gez,Bradleyport,2015-05-25T14:00:42,37264,-161.606874,excepturi.xls,-12.615567,18:41:38
niu,Thomastown,2004-02-05T08:10:01,8576664,1.470936,ex.mov,-28.393147,11:01:12
dz,Port Benjamin,1987-02-14T06:07:47,963769,-115.783226,est.csv,67.3857495,13:56:59
ur,West Gail,1976-12-13T07:23:01,54880,53.813421,maiores.pptx,-28.3156465,17:38:31
tn,Petermouth,1987-09-02T07:57:19,6407742,23.635446,occaecati.avi,66.1567895,05:40:21
so,South Douglasstad,1990-04-08T01:55:10,8775,149.457736,atque.docx,-22.903660,11:11:43
ga,Jemmabury,1984-10-21T20:45:41,951945,-46.609859,consequatur.flac,-25.183743,13:08:03
tig,South Guy,1992-04-07T10:10:40,622539,-88.257562,pariatur.wav,26.3602095,16:10:49
ts,Edwardhaven,1978-03-05T21:28:40,8,-19.263314,doloribus.flac,-74.656852,04:26:38
ig,Morrisview,2015-10-20T22:27:44,249823157,-15.051680,ipsum.mp3,-49.9229575,07:38:30
en,New Gregoryland,1988-11-22T05:40:33,3187,-71.126752,fuga.flac,-49.7710255,06:49:26
lg,Joanborough,2020-03-24T08:13:35,381,120.852637,sequi.mp3,-4.600592,06:41:01
zh,New Kirstyville,2018-07-19T00:46:01,65647,47.667847,sint.avi,-81.7036295,22:38:39
sq,Lauraberg,2010-07-14T03:20:12,4395448,-146.105484,dolor.png,2.927183,01:16:20
pap,Shanetown,1990-04-25T17:41:45,12924,-84.969520,aliquam.png,-31.4076175,23:55:21
ts,Forsterside,2017-09-06T12:25:45,556649,164.662435,aliquam.numbers,31.3302485,20:47:21
bs,Port Tinaport,1988-01-02T11:29:03,93639553,2.384743,rem.csv,76.9496225,19:47:03
hsb,Ashtonhaven,2005-10-05T15:37:36,315055,60.863823,similique.bmp,4.5266075,01:50:40
fil,Port Rosemary,1981-10-06T01:05:01,172659413,162.168724,quibusdam.avi,62.672589,10:39:31
ms,Melissatown,2022-04-24T16:07:19,95668861,-54.792388,tempora.mp4,-60.1181005,00:22:49
wa,New Paulatown,2006-01-01T19:03:06,633983,-89.763668,magni.ods,60.9593605,05:09:10
sat,South Jemmafurt,1992-11-17T01:36:57,8,-173.939388,nobis.tiff,24.2033905,03:07:05
lt,Port John,1994-10-07T20:32:41,654645172,-145.385118,corporis.html,75.8418675,03:26:22
lo,Kateland,1994-08-01T07:01:56,6198036,83.425598,quia.flac,49.4366595,18:55:39
cv,Port Deborahview,2013-05-18T02:01:09,0,-81.184932,delectus.jpeg,-37.389832,05:47:07
hi,Whiteborough,2020-10-06T17:05:15,755734217,11.621979,voluptatem.xls,-87.1288405,07:56:29
ayc,East Bradleystad,2023-05-14T18:25:10,22,-154.685064,inventore.odp,-7.021255,15:37:38
ps,Lake Harryton,2004-08-10T08:16:42,40184,-137.554415,temporibus.js,-5.9850865,02:31:58
lg,West Roberttown,2010-07-16T01:18:38,4280909,83.114533,quod.doc,-83.162211,09:55:58
lg,Nicholsonfort,2004-10-07T10:30:51,493,86.228139,maxime.mp3,-73.8574495,03:18:49
doi,Metcalfeview,1997-12-05T11:46:25,3292,-4.243772,sint.wav,40.2114925,09:18:37
pa,North Jennaton,2013-11-29T12:05:49,0,12.984388,nisi.mp3,57.1980195,23:41:30
hy,Trevorhaven,2007-01-23T17:41:26,83025774,148.763371,nulla.numbers,-64.5032605,23:27:14
da,Jasminemouth,1976-08-24T17:09:01,28,1.259608,sunt.mp4,-11.928771,01:04:07
sr,East Teresa,1998-04-10T02:25:13,86,-83.196301,distinctio.css,-51.7259895,05:54:53
ro,Port Natashaview,2006-12-31T16:22:26,97356266,-156.422386,labore.js,-29.581503,18:58:51
bho,Port Garry,1971-01-21T05:20:33,834,42.769449,placeat.bmp,71.413276,21:00:52
ka,New Geraldchester,1980-01-20T06:28:24,52,-10.389052,et.avi,77.244878,08:24:47
ga,Bennettburgh,1980-02-03T05:46:36,5800014,141.421301,vel.mp3,3.6623635,09:43:15
ca,South Rosie,2017-02-05T15:38:26,0,53.243927,temporibus.gif,-32.3932345,22:01:38
bho,West Rickyside,1977-01-04T05:21:35,5338070,20.622942,tenetur.csv,32.5858165,11:02:43
st,Turnerchester,1972-04-14T19:30:14,70878607,11.521086,excepturi.avi,13.4515585,08:06:46
yi,North Toby,2002-01-15T04:59:10,2,-77.969416,illum.avi,89.2879975,00:25:37
mr,North Samuel,2008-08-04T07:59:23,860416,-153.642566,placeat.jpg,13.7907815,16:15:37
mag,Shaunmouth,2009-12-15T10:35:56,70356,140.342832,atque.jpg,57.003346,02:49:49
ckb,Briggsborough,2017-04-19T22:17:38,0,51.801907,ipsa.png,-11.9284035,14:08:11
sl,Janetland,2010-07-09T05:26:09,3898089,155.634075,reprehenderit.mp3,-11.9598065,15:49:34
sv,Lake Julia,2010-08-08T14:01:33,446455633,115.857051,veniam.wav,-18.463470,21:08:08
it,West Bernardbury,1983-06-26T04:44:30,73710168,9.158891,iusto.css,52.9613945,19:23:43
dv,New June,1987-03-13T20:52:25,32393838,26.400450,amet.js,-65.5502715,09:55:58
de,Declanport,1998-08-07T12:32:32,2361948,129.503522,deserunt.csv,71.889554,09:18:54
tig,Buckleyfurt,1994-09-07T11:38:13,9,-98.445051,dignissimos.mp4,65.695863,04:04:43
et,Port Rogerton,2013-05-24T21:34:57,794,-130.935071,adipisci.mp4,-24.632652,13:01:01
cs,Normantown,2002-02-23T02:11:43,9,42.301428,fugiat.js,-42.564889,16:11:23
raj,Irenefurt,2004-04-10T09:46:05,47090,-178.179130,neque.csv,30.168741,05:10:44
kl,Dorothyville,1970-09-16T11:29:03,2587,150.947633,illo.mp3,-62.5874305,17:51:50
mn,Georgiafurt,2011-09-16T10:32:04,9088,171.814954,cupiditate.numbers,36.597696,13:28:40
om,Buckleyburgh,2015-04-18T07:47:39,37750951,98.090843,quidem.gif,-59.3520555,23:57:34
ko,Donaldburgh,1996-04-27T20:11:55,72,159.473420,sequi.csv,-40.323587,14:19:31
mr,Holmesfort,2007-04-02T04:36:56,94770,-52.753872,provident.txt,-82.5081245,17:49:06
yue,Lake Bethantown,1996-06-01T01:27:38,44716,-20.846469,aliquam.odt,-40.8315115,00:44:33
raj,West Aimeeberg,2006-11-20T12:29:36,715729,136.637867,iure.mov,-0.5326735,20:56:31
ti,Katherinebury,1988-06-15T20:38:20,76713690,17.644929,libero.avi,-7.2994875,19:18:34
mr,Paulafurt,2007-11-12T13:05:38,99,173.311282,explicabo.txt,-39.637122,06:02:34
zh,South Ashleigh,1991-01-02T20:40:38,598,-35.719408,ab.odt,-32.6075585,10:28:36
hak,Griffithstown,1977-03-04T11:09:43,7088,-26.046801,impedit.webm,-43.712733,22:06:08
ayc,Port Justin,1993-05-07T09:23:35,355,-50.757516,dicta.png,-72.2552505,05:42:26
ht,West Georgiafurt,2005-05-16T00:43:28,47805,177.368933,dolorum.mp3,9.9216525,22:26:17
kn,Craighaven,1994-12-30T04:28:10,64743368,-78.730913,delectus.xlsx,-55.1076595,06:22:02
rw,Lesleystad,2016-09-05T10:03:09,6278289,124.929326,temporibus.mp4,-87.728495,03:41:00
mr,Lake Mollyfurt,2012-06-28T21:34:37,9,-26.755130,architecto.mov,37.7720795,14:47:03
os,Lake Terry,2003-03-12T14:00:02,24646527,117.708637,unde.html,-56.8046625,19:16:56
ha,East Rachael,2005-03-07T14:33:36,568,-110.083577,officia.mov,43.3202565,08:14:47
fur,Lake Barry,1976-10-02T08:04:31,797886,104.913009,quaerat.js,55.4544625,19:24:21
os,North Jamesborough,2001-05-02T14:45:57,9433561,-173.291329,adipisci.html,5.1216855,19:26:07
bhb,Clarkshire,2019-03-11T18:14:46,30952,71.263593,sed.bmp,8.832678,23:52:33
pa,Port Marcustown,1975-12-08T17:59:29,24,-14.934675,possimus.css,-24.298758,10:27:41
mhr,East Susan,1994-07-16T20:05:22,13227924,-18.957861,accusamus.xlsx,21.4809285,05:51:03
mk,Lake Glenhaven,2015-01-15T16:54:49,9472,62.813853,est.docx,-56.3796755,03:31:56
fy,Hollyburgh,2007-04-16T22:25:51,4899,10.800451,aperiam.pages,25.646903,22:22:30
lzh,West Dianafort,1972-08-09T01:55:40,560772869,-106.941434,quam.avi,33.6460405,20:47:07
ak,Port Katyhaven,1999-01-21T07:02:46,4845203,21.579166,in.csv,-26.3112685,11:03:23
ve,Harrietton,1982-03-15T06:36:35,53,61.271358,laudantium.png,-1.0193455,10:28:32
bg,Malcolmland,2006-12-18T13:44:33,95948,147.434552,quos.jpg,35.183855,22:43:31
oc,Lake Lynnemouth,2004-07-21T06:14:21,93194,-98.892155,facere.gif,-73.023255,09:56:46
the,Lake Benjamin,1973-05-23T14:15:00,7543669,133.272140,corporis.flac,-43.5698475,17:01:48
ne,North Amanda,2022-04-02T09:32:26,5,-159.119278,nihil.mov,53.9019775,05:25:59
ml,New Bethan,2015-09-18T01:52:05,647,126.001402,a.tiff,-21.1470785,14:07:59
gv,Henryville,2021-12-15T13:15:48,24240,-66.172739,quos.jpeg,-38.190795,02:06:12
st,Russellland,1991-07-29T17:46:01,5590,170.018544,voluptate.webm,-68.921470,11:37:13
af,North June,1986-11-20T17:56:51,4184198,50.524904,tenetur.html,14.3635945,19:41:51
kw,West Denise,2009-05-28T16:21:57,49633,-92.738203,fuga.csv,12.3474515,02:11:01
ps,Richardsport,2014-01-23T14:19:22,935342,11.861916,voluptas.flac,69.844885,17:05:31
cmn,New Craig,1976-09-20T16:36:30,234027290,27.973703,nihil.jpg,-40.7492895,08:00:10
br,Dalemouth,2008-08-18T01:31:16,60028265,112.591727,pariatur.png,32.015319,04:33:04
bem,East Carolyn,1987-01-14T07:23:16,10965721,-106.612151,deserunt.avi,-14.805485,21:26:36
tr,Brucechester,1981-08-26T22:04:14,539611,99.732425,minima.mov,-19.1647645,13:19:01
ln,Suzanneport,1979-12-27T02:40:54,7,-113.103379,ipsa.avi,-66.0026695,07:33:52
az,Deanfurt,1972-11-17T17:43:38,32976,-92.211559,occaecati.txt,19.3892505,01:23:12
ks,Aaronview,1991-04-01T10:40:56,64877590,3.197668,quo.flac,63.4260505,04:25:24
ru,South Benton,1979-09-14T04:48:46,4,-18.108395,eius.jpeg,-52.6364495,16:00:25
el,Baileybury,2008-10-03T08:50:38,66143,92.111473,cupiditate.mp4,47.848917,19:12:55
ks,West Maureen,2012-12-09T01:33:08,905749651,78.504895,dolorum.json,-76.859467,13:27:01
eu,Connorstad,2014-04-06T15:00:33,98,-157.571776,ipsa.webm,-55.2379825,12:07:52
mni,West Amanda,1985-07-20T09:01:23,662012594,58.392248,iste.js,-67.772638,19:00:35
so,Tuckerfurt,2010-06-04T07:59:20,9508575,-115.620437,accusamus.xlsx,-7.987100,11:33:13
or,New Francescafurt,1973-07-26T07:14:21,111039,59.351031,nisi.css,49.8870545,10:48:01
mhr,Derekberg,2000-07-28T11:50:56,2052,-85.551986,et.wav,40.3951965,10:38:36
om,Parkerchester,2020-11-02T22:22:10,195915,-118.106279,corrupti.html,75.2562525,03:31:30
lb,Morganton,1987-11-13T07:32:57,56012508,-107.265379,iure.numbers,44.6439695,15:56:24
the,East Ameliaville,1975-08-22T12:16:05,12622,-37.511284,voluptates.mov,68.0345675,17:49:08
dv,New Jade,1979-07-22T17:46:12,91843,-3.718323,commodi.key,9.252917,03:20:56
gv,Mauricehaven,2018-04-26T17:53:50,929770827,159.130155,excepturi.mov,-63.327842,18:06:12
wal,Lake Katherinestad,2012-01-13T21:04:18,1773,-105.254998,voluptas.html,66.771090,11:34:58
cy,New Lawrence,1981-06-28T17:37:43,9554070,-56.013055,velit.webm,-43.664163,17:14:36
nl,Lake Jonathan,1999-09-22T02:37:24,3,-145.642876,vitae.mp3,-4.607750,15:13:01
da,New Seanberg,1992-06-30T05:55:13,5912286,48.005086,inventore.bmp,20.241383,23:08:51
csb,Shepherdtown,2018-07-28T04:09:09,11233,-149.779272,ratione.mp4,-2.832816,22:08:34
iu,West Julia,1981-08-25T18:01:42,191546,-74.302511,natus.doc,-51.288630,06:06:31
ug,East Lorraineport,1986-03-05T15:44:29,723073,-141.364825,commodi.odt,-4.625052,03:55:10
ast,Lake Toby,2008-04-23T21:30:30,60702369,-8.805290,nulla.txt,-0.5754185,03:50:39
crh,West Amberton,1998-11-02T06:09:18,27,-16.110364,quam.mov,68.906457,06:09:13
the,New Stacey,1977-03-29T02:14:05,753,-166.087237,fuga.mov,43.7881835,21:02:07
id,Port Iain,1970-06-30T04:43:19,69940955,58.258359,maiores.wav,31.8909015,10:12:14
nb,New Keithmouth,1993-04-07T11:08:28,511864,126.707829,dignissimos.mov,-15.226853,21:19:08
nan,Mitchellton,1994-03-01T04:41:36,325,46.824709,corrupti.mov,84.975306,15:18:11
unm,Jenningsland,2008-06-20T13:55:59,61692,-39.663149,rerum.gif,38.4327165,07:48:40
mn,Chloeport,2001-10-25T13:12:02,67144625,33.665448,reiciendis.csv,-43.595013,18:06:53
bs,Stewartborough,1970-11-05T14:11:06,858682475,170.036870,hic.wav,7.0094635,05:53:04
an,Denisfurt,2023-03-07T13:36:26,366074626,15.977042,assumenda.mov,-29.5946285,01:51:00
fo,South Abdul,2018-09-06T18:48:17,8995,-78.816714,asperiores.jpeg,80.8709095,06:17:34
ks,North Grace,2014-02-13T14:55:54,7832,-41.156693,beatae.wav,-24.959176,01:24:11
ar,Lake Lindafurt,2003-04-18T20:15:24,370168,-108.330361,in.docx,-77.540509,17:01:06
ug,Rosemarymouth,1995-11-01T01:50:44,1238242,-83.410481,quae.ppt,-76.0603155,16:06:56
bhb,West Hayley,1997-06-30T07:40:17,51081,-75.671710,aspernatur.html,-13.780174,00:31:53
tt,Newmanville,1972-11-23T19:38:18,6885,-101.094676,repellat.mov,73.7098775,05:22:20
uz,Port Mohamedview,1981-08-31T08:32:43,5313,-59.737437,soluta.flac,-49.5212655,13:37:18
id,Lake Trevor,1996-04-15T23:40:48,266977315,32.121990,incidunt.js,-61.1523965,19:00:19
sid,North Danielle,2022-06-14T05:51:40,75438,81.411076,enim.numbers,0.262903,18:19:11
ps,West Cherylland,1988-05-03T14:59:50,946974,-157.056034,officiis.flac,6.634586,10:57:26
gd,Oliverburgh,2001-10-28T21:24:22,84248,-46.187471,laboriosam.wav,-45.729003,22:44:51
doi,Pearsonmouth,2001-06-06T23:56:52,1268,-10.141442,illo.flac,-12.4416455,21:45:20
yi,South Melanie,2001-01-20T19:05:07,54928760,118.174703,quia.json,72.552063,19:43:20
fy,Kirstyland,1981-01-13T07:34:51,2,-65.076519,repudiandae.txt,-0.9848615,02:29:38
lv,Bradleystad,1994-04-13T09:39:52,10434899,116.802817,optio.mp3,-75.030488,19:04:31
fo,North Gregory,1995-10-27T17:10:39,560,7.531941,sint.avi,39.5774605,17:27:46
fi,North Gerardhaven,2007-06-02T06:10:38,4100606,179.544780,ab.mov,8.100791,08:10:10
bhb,North Russell,1997-06-23T20:07:45,598852,170.305412,quaerat.html,9.8504465,09:42:23
nhn,Lake Suzanne,2022-09-20T00:40:27,59569,171.546956,debitis.csv,82.009578,22:21:42
be,New June,2017-07-21T22:25:15,90,123.635249,cum.css,62.427438,01:56:47
hsb,Lake Bethany,2023-05-29T01:45:07,52064,127.354686,saepe.wav,-38.0303295,16:33:45
sk,Reedhaven,1980-01-22T19:47:30,32066428,22.408645,placeat.mp3,72.5589285,10:37:57
it,Lake Eileen,2012-03-27T14:38:41,33,160.182354,cumque.flac,-1.289067,14:41:59
af,Elliottfurt,2020-11-16T15:55:39,346645,35.012302,quisquam.mp4,-27.6881115,06:20:30
fi,Nobleborough,1981-09-26T12:31:14,851,-131.452951,impedit.ods,59.839492,14:00:32
th,Terencechester,1975-09-18T09:47:37,293470,129.083522,eveniet.pdf,-76.7021385,23:50:01
yi,Lake Natalie,2001-02-28T00:39:19,283693393,-122.206176,facere.flac,-63.985043,05:23:02
lo,Port Alexandra,1979-02-03T22:44:00,9240391,-13.902054,iste.xls,27.5727835,16:49:34
kok,Simonshire,2010-09-18T18:30:22,6,117.697059,voluptas.doc,26.228842,02:44:52
apn,Lake Annastad,2001-09-19T22:32:25,224294433,-131.537532,excepturi.js,41.3157025,04:12:45
ro,Natashaberg,1984-02-11T11:58:36,615908,-4.229580,similique.mp3,5.582584,08:29:13
et,East Paige,1977-01-23T15:19:59,3046,-177.604281,praesentium.odp,-51.609245,22:27:57
kok,Port Luke,1983-12-15T00:04:09,70,-104.981616,quos.odp,-80.8400845,16:32:56
pt,South Lynn,2003-08-10T20:06:41,9117,-21.094137,suscipit.pptx,-64.3920245,15:49:44
ha,Owenborough,2013-12-15T07:51:32,70067,-88.841776,cum.wav,-86.164619,19:53:24
mr,Jeantown,2006-03-09T06:54:13,126,152.762038,dolorem.wav,-7.4382805,07:41:26
vi,Jonathanmouth,1977-09-09T15:54:50,71,-35.779710,eveniet.webm,-30.132269,08:22:23
ru,West Philip,2015-11-02T21:46:23,6,-11.819862,dolores.html,87.437587,11:02:34
sv,Markmouth,2011-08-28T01:23:21,2713836,104.894158,quibusdam.jpeg,-71.2493675,15:14:30
nhn,North Alexandra,2012-12-14T20:46:12,65,-92.543888,esse.pptx,-12.909403,21:44:10
uk,Donnaborough,2002-01-10T20:15:10,3894,149.125581,eum.jpeg,-68.848911,05:48:14
nb,Maryside,2013-07-26T17:27:21,129349,44.042096,itaque.txt,36.9552655,08:25:47
ff,South Dylan,2014-04-26T06:46:04,8,-147.640463,veniam.odp,-45.743324,20:01:00
te,Katyland,1991-11-02T12:27:39,430,-4.135438,voluptatibus.flac,-62.2236035,18:11:42
hu,Port Garethmouth,2014-07-15T20:52:29,0,84.269857,culpa.csv,53.0263515,12:34:57
fy,Millermouth,2009-03-15T10:06:08,8637,79.307820,sint.json,10.157832,00:03:01
nan,North Bethany,2002-09-19T14:17:59,5619830,100.186718,animi.webm,8.931128,11:43:27
uk,Tinamouth,1972-12-21T01:54:12,4278,14.210836,amet.flac,-0.008060,16:55:49
fil,Lake Rosemaryberg,2020-08-01T18:26:11,58,93.232680,vel.pages,-14.663080,14:18:19
csb,Howardville,2007-01-26T22:09:20,5856,67.958956,sequi.csv,-76.759933,10:23:31
ks,New Kyle,1970-02-15T21:01:16,83,-66.085842,ad.bmp,-68.7851275,22:58:29
mk,Stuartbury,1976-10-29T04:32:55,865341244,114.343001,velit.flac,38.8393925,19:21:44
ms,Lake Ashley,1998-03-07T07:30:02,3108489,-111.251311,veniam.pptx,-74.9751505,07:38:17
ka,Leonardton,2021-09-03T00:10:38,6652069,-131.194552,modi.json,-4.9977865,16:34:24
hak,Valerieshire,1989-05-19T12:22:53,773812,75.600255,explicabo.txt,-10.403105,15:56:57
el,Josephburgh,1996-06-12T16:07:08,4186617,52.092200,sint.csv,-38.8179645,10:15:58
ru,South Gavinbury,1988-09-25T06:28:14,331822415,117.643267,totam.mp3,84.844901,08:45:06
gd,New Barry,2018-03-26T06:19:32,940171449,-141.174764,dignissimos.jpeg,-73.4831365,18:51:20
hsb,East Alicemouth,2021-12-03T10:45:56,1702477,-24.737700,ex.flac,-10.4027775,10:24:23
dv,Port Janet,2023-03-31T00:00:28,513,-161.695520,harum.js,-57.7101525,02:24:52
te,South Malcolmview,2018-07-21T02:29:14,10,32.140033,sunt.json,15.334362,17:53:03
de,Connorchester,1984-08-08T05:38:14,75,71.186226,fugiat.tiff,77.496593,14:54:33
pl,Lake William,2012-10-07T10:48:50,409019623,133.284302,cum.gif,-54.8876675,11:43:37
wal,Blaketon,1994-09-23T06:49:18,4,-15.788007,laborum.txt,-26.9996015,01:42:48
hr,Webbview,2003-05-13T09:15:26,97565,87.738237,voluptas.bmp,-2.550505,23:36:54
bem,Lake Alisonmouth,1985-03-24T23:25:28,921806,-29.075990,non.jpeg,-36.239455,04:23:50
mg,West Janice,1989-02-06T12:06:46,58160339,-39.221323,consequuntur.mov,-0.9362505,12:23:38
or,Rosemarychester,1980-08-31T16:15:27,58,-54.271274,est.mp4,-42.673868,23:41:02
am,Williamsfurt,1996-06-29T03:48:24,23,-36.918953,ad.html,-54.0068825,16:36:26
oc,Justinstad,1978-11-16T00:24:26,221,-61.414433,possimus.avi,24.7030025,17:05:09
lo,Wrightstad,1992-08-30T17:55:08,49246,-127.394502,ipsum.json,-77.6118205,23:09:13
sl,Walkerburgh,1978-01-31T02:12:08,357,-89.508682,quasi.json,70.4659985,06:19:55
fur,North Grace,2019-07-29T00:25:19,7643,111.483791,minus.avi,-8.2791165,07:55:53
wa,Humphriesside,2006-10-20T09:41:20,527396,-13.611876,atque.mov,25.1694955,13:17:15
mr,McKenzieport,2013-03-06T09:28:44,8701,-161.744024,eveniet.js,-21.170924,06:59:09
mni,Lake Natalie,1994-02-17T18:11:39,849048,-48.191987,illo.key,62.442327,06:47:47
byn,North Megan,2015-02-13T15:16:06,3029219,59.191237,quasi.mp4,-14.444495,01:20:17
de,Arnoldbury,1993-01-27T05:57:56,258,95.651149,nam.mp3,17.6483165,22:30:33
mni,West Connorburgh,1976-08-02T13:50:43,7,15.176817,voluptatem.html,6.967791,09:20:17
wa,Lake Lynne,1991-07-19T16:32:31,82779348,-160.818116,provident.odt,44.529192,08:10:41
zh,Jeremystad,1982-05-07T01:43:14,966929544,-149.202612,animi.wav,-36.643760,17:20:44
nn,West Graemebury,1997-12-26T03:10:32,4162,-133.502741,reprehenderit.wav,-23.145750,18:29:39
ps,Lake Colin,2000-10-29T01:20:27,3301,142.433456,animi.mp3,22.6041385,02:01:32
pap,South Amber,1978-03-31T17:06:29,6393383,-100.131680,at.gif,-24.357536,21:29:25
nn,Parryland,1982-09-08T06:03:01,0,10.440786,saepe.tiff,82.4940815,13:17:42
kk,New Marilyn,1999-09-18T16:22:23,658,-39.279927,iusto.gif,25.726207,07:05:30
se,Garnerville,1997-02-10T16:04:36,7,-147.668308,recusandae.json,-5.451230,21:11:40
ca,New Leslie,1978-10-02T06:14:51,9671,-42.457259,laborum.webm,48.622745,07:01:27
cmn,Mayborough,2023-05-31T12:32:36,41178869,45.494690,necessitatibus.odp,60.636663,14:21:58
he,Port Elliottland,1975-05-08T15:53:31,185,-86.088201,minus.js,40.3613555,15:05:28
pa,North Kirstyside,2004-07-19T07:35:38,152589,80.046090,nemo.gif,-67.7761675,08:50:13
shs,North Jeanmouth,1977-01-09T13:14:19,34255,-23.793367,voluptate.ods,-0.833558,01:52:12
nr,Port Bethan,1995-01-15T05:09:09,461211116,142.456112,eligendi.bmp,47.7027435,07:59:44
raj,Oliverside,2021-10-24T15:12:51,51,-140.701623,facilis.avi,69.650569,14:31:22
brx,South Dorothy,2006-06-18T20:31:01,551938382,35.218152,quos.mov,9.837780,08:14:37
mni,Archermouth,2011-09-30T07:36:48,92113,-167.300945,corrupti.gif,64.6311285,16:30:01
mr,East Lawrence,2000-02-21T13:03:03,2778,-154.922573,modi.json,53.3920095,04:18:31
el,Victorton,2008-03-11T20:35:19,6559684,110.979208,ipsa.bmp,-43.6024475,22:33:38
kn,Stevenville,1998-01-17T08:42:00,8307,76.584789,fugit.js,14.201153,10:50:44
be,South Francis,1981-04-10T19:27:30,497,-105.063746,quae.pptx,-15.851557,18:05:51
ga,Whiteheadside,1970-03-21T12:32:25,3911146,-54.045370,porro.tiff,43.6581715,17:56:49
crh,West Gemma,1970-01-13T01:51:06,9789,100.383695,est.mp3,-67.1206675,08:31:29
ig,New Duncan,1974-04-22T06:41:02,579,67.135284,unde.pages,83.711416,07:05:15
hu,New Claire,1984-06-03T11:43:25,654091,-54.929042,error.css,78.2518595,22:10:16
fur,South Amelia,2002-02-25T04:13:59,0,14.205244,recusandae.odp,-34.798520,00:56:47
am,Lake Holly,2002-06-20T08:11:20,1,43.060171,beatae.css,-19.4342405,09:59:26
mk,Haynesshire,1979-08-24T22:57:14,6143,6.009229,nulla.mp3,8.691360,12:04:34
bo,East Linda,1986-08-16T09:11:17,7800267,-124.868703,a.png,64.8967335,21:20:23
sat,New Claireport,2008-02-04T23:01:46,405,3.421132,tenetur.avi,53.7373285,04:15:49
mni,Burnsberg,1981-02-16T04:13:17,4,51.020253,delectus.numbers,77.708121,14:34:11
el,Ashleyton,1994-03-30T16:13:54,3,96.035898,unde.bmp,49.7013015,18:39:34
th,Port Sandrastad,1975-02-19T21:59:30,558339,0.530218,recusandae.png,-81.705355,00:23:27
ce,Garethland,2009-08-14T21:00:58,923778967,149.994976,blanditiis.jpeg,-7.324440,02:08:38
mni,South Katherineside,2001-06-19T05:01:16,2099706,116.740526,voluptate.wav,42.4213685,18:29:04
kok,O'Sullivanfurt,1988-10-16T01:50:49,8259678,84.334772,distinctio.json,-79.834013,16:04:06
mi,Juneton,2008-08-03T19:43:57,6112,-177.687466,facere.css,52.675938,18:47:17
fa,Ambermouth,1991-04-19T22:11:49,751440,75.818056,aut.txt,11.413791,04:47:57
th,Mathewborough,1990-10-01T00:27:23,52,-130.087806,natus.json,32.477753,01:34:34
ml,South Jonathan,2018-08-02T17:17:18,3054,117.753781,consectetur.bmp,-42.931603,14:48:13
lo,Jonestown,2020-03-03T21:31:16,1378462,81.818101,in.numbers,-6.892992,09:56:32
pap,North Adam,1977-04-29T02:48:48,46459559,170.128026,enim.odt,-83.873493,20:12:43
ko,East Luke,2003-04-16T13:03:01,27622747,-124.523265,quasi.mp3,-45.5031845,19:53:33
sc,West Alan,1988-05-18T00:36:34,14584,117.854661,sit.flac,74.1474785,01:25:46
apn,Wilkinsmouth,2019-03-28T13:40:12,76746868,51.070716,inventore.mp3,5.228863,09:22:36
en,Ambermouth,1970-02-19T10:09:18,6513435,-147.559679,quae.gif,19.3725315,00:55:10
fa,North Beverleyland,1981-03-03T22:49:47,6,53.360635,magni.jpg,63.6069455,12:26:24
nhn,Port Abbieton,2021-07-28T21:07:48,9,120.093231,nam.webm,-27.087990,00:52:31
or,East Kimberley,1994-11-02T03:34:59,8076,-112.572779,enim.json,73.941702,21:08:59
as,Port Laura,1985-03-20T15:33:44,4098881,31.132528,quae.flac,-25.791066,04:37:46
iw,North Nicoleside,2007-05-10T13:02:20,9326730,-75.275878,repellat.jpg,19.140175,05:05:18
wal,North Julian,2002-09-23T03:09:12,9578,40.446195,culpa.mp4,77.7338575,13:50:14
yo,Christopherton,1971-09-19T19:50:20,46153,18.015324,asperiores.txt,32.199468,03:04:47
id,East Erichaven,1974-02-21T11:42:53,701,148.421644,explicabo.js,-43.702878,14:37:12
nn,Alexville,2000-07-25T16:39:43,219495,-23.198466,eaque.json,-67.365394,07:13:49
fa,Reynoldsville,1983-06-08T21:01:26,9644,146.042141,aliquam.txt,88.3905155,02:03:56
fur,North Arthurtown,1981-05-28T04:14:39,99233,-141.762690,dolor.tiff,-38.3257395,10:04:52
sd,West Christineville,1993-09-25T13:07:18,27921092,-141.897529,nemo.avi,-0.858229,08:17:45
sw,East Charlenemouth,1989-07-16T08:57:05,891467,151.483838,voluptatibus.mp4,-22.737079,08:42:18
lv,South Sandra,1979-12-27T18:36:08,99763,-7.732295,vitae.bmp,78.7655095,17:44:40
dz,Osborneland,2006-05-04T07:03:22,711,-68.798290,nulla.odp,-63.994446,15:09:18
tt,Scottfort,1990-11-04T22:01:22,928,-43.710317,adipisci.tiff,44.7649335,09:53:10
lb,Jennaton,1970-08-17T03:55:51,111,-169.274937,consequuntur.txt,-7.357975,07:32:30
sw,North George,1989-08-03T04:33:11,89,-133.777553,voluptate.jpeg,2.3767805,14:21:36
am,East Daniel,1985-08-26T05:29:02,88148984,153.243672,tempora.avi,-8.4719055,01:14:23
fil,Stephensonview,1996-01-27T14:14:05,8,-27.353444,suscipit.mov,-28.451209,07:11:36
lv,Willisburgh,1974-06-22T16:26:43,7415054,-11.235197,porro.png,-61.8043405,07:03:52
ku,Smithchester,2013-10-25T16:57:56,99115753,4.288372,provident.jpg,-27.1998935,15:37:15
am,Brianland,1991-01-07T18:36:23,57149,-32.805483,incidunt.odp,-50.3930485,01:57:44
ur,South Angelamouth,1984-10-24T18:48:42,8391322,-135.483199,explicabo.css,-70.0472635,21:09:34
kw,Hannahstad,1984-10-07T06:38:38,8664,140.341620,omnis.bmp,-19.986873,00:36:13
lzh,East Oliviafort,1973-01-07T08:31:21,522797966,152.345561,magni.gif,-63.9621775,20:11:32
os,East Melissamouth,1987-10-19T13:21:22,310815,-176.164122,eaque.avi,-72.731584,08:00:23
kk,Hodgsonfurt,1997-10-10T22:43:45,3,-90.762860,non.avi,50.6112635,07:19:34
my,East Jasminetown,1987-08-19T17:12:03,9655,100.808506,quam.mp3,-31.379185,18:04:07
kl,Lake Darrenton,2004-04-23T02:04:41,60647,90.440098,sequi.mov,86.1535495,13:42:35
om,Lesleyside,1980-07-22T23:40:36,6017140,-31.938718,odit.jpg,84.8729145,20:34:23
byn,Lake Helen,1980-08-10T09:46:22,9,148.061906,illum.mp3,29.1412415,10:10:33
ce,New Zoefort,2003-05-19T12:56:23,541,-43.849497,praesentium.odp,20.248662,20:33:40
ia,Harrisonland,1971-09-10T05:38:11,9,-63.759284,repellat.mp3,0.6903075,09:06:36
om,Begumberg,1985-02-27T15:26:48,368568295,-129.866776,voluptas.odp,-55.5634985,07:26:31
mt,Donnaton,1976-01-26T23:48:43,48791494,105.669402,libero.jpeg,5.2764605,15:51:17
as,Grantland,1973-06-15T14:51:57,336071,99.079290,incidunt.js,-59.4142035,12:24:04
li,Heathermouth,1996-02-29T09:27:17,354,29.868882,debitis.txt,-55.247882,03:48:54
bhb,Lake Kayleighberg,1984-10-01T07:28:08,277624298,113.418470,provident.xlsx,-8.010912,03:49:26
kok,Lake Dorothymouth,1991-12-09T22:36:51,61660436,8.100667,aliquam.csv,-80.0806255,22:10:01
sw,New Brandon,2018-01-15T19:59:24,892835938,139.375759,quisquam.txt,-59.5201375,07:29:34
it,North Eleanorport,1985-12-19T05:21:36,7931784,-2.383350,enim.js,35.264447,05:57:42
ky,Fraserville,2017-12-31T06:11:26,8,-17.943961,rem.avi,88.137119,23:41:06
tt,West Mohamedstad,1985-04-17T01:24:36,6234528,165.670856,totam.ppt,5.038584,07:27:43
ne,Lewistown,1986-06-01T06:07:31,76229861,-61.112950,adipisci.tiff,87.3135745,15:38:49
kn,East Kayleighport,2022-07-24T20:39:20,2755,122.642874,hic.webm,62.7065985,03:39:38
dz,Port Max,2010-04-04T19:50:31,1,-30.998352,totam.png,-6.567085,11:40:43
el,Jenkinstown,2017-06-11T21:40:18,45441,-111.417235,eveniet.png,51.7443505,10:26:59
hsb,Wrightstad,2010-01-08T20:12:30,569,32.590833,blanditiis.ods,-81.3000895,04:50:41
wal,South Rhys,2021-03-04T03:27:33,1821,-159.598549,labore.avi,-42.5065885,20:08:11
mg,North Danielleberg,2018-10-14T18:00:20,315,64.155356,non.mp3,-0.035772,18:25:18
kn,East Edwardbury,1995-01-26T02:22:12,906663,58.158939,sed.key,-78.708350,19:52:03
li,East Traceyton,2000-02-26T03:58:45,944500169,101.313452,in.webm,2.371203,15:59:26
fr,West Patricia,2004-02-01T14:40:50,145749067,93.752407,veniam.png,73.0074705,14:07:40
ia,Abigailton,1980-09-27T10:48:04,9819,78.537375,cum.mov,0.4880915,07:57:56
wal,Leanneborough,2013-03-09T09:36:43,83,110.610117,unde.mp3,56.925080,03:06:28
ug,Trevorburgh,2019-11-02T20:24:12,499,27.048139,odit.mp3,66.8865295,14:38:36
yi,New Georgiashire,2005-02-01T02:41:15,915979717,135.161656,esse.wav,-34.8180975,23:48:02
id,Charlotteborough,2002-01-14T04:47:40,4092,-57.360196,eaque.mov,-13.315153,00:18:16
pl,Donnaborough,1982-03-09T20:15:48,8,-103.357103,quis.mp3,53.212205,16:17:53
mhr,Terencemouth,1975-12-09T18:29:42,2268,68.493533,impedit.tiff,-35.786824,06:59:56
bho,Johnsonland,1996-02-27T19:10:42,691,10.062192,officia.png,19.721819,03:38:49
shs,Victoriatown,1981-12-08T19:25:23,0,-121.592987,reiciendis.png,48.285180,11:46:46
hu,East Damian,2013-12-27T22:04:27,42,123.131987,magni.js,12.9314855,13:09:00
nl,Barryfurt,1994-07-29T05:01:03,9525339,-149.925087,rem.mov,-70.2975565,10:58:48
hu,West Jamesville,2017-12-21T04:13:26,87525699,74.448901,quos.mp4,37.948474,07:09:17
ia,Port Max,2010-09-24T14:05:05,284652,80.163185,at.mp4,20.0402515,23:43:31
wo,Newmanmouth,2020-04-30T21:47:00,45715,65.049205,odio.json,-48.7287715,22:58:13
si,New Cliveside,2016-08-14T22:48:40,6,14.049281,expedita.avi,3.340711,13:12:29
