"57.237,15 €",Panjabi,2013-10-28,nn,-130.697530
"77,79 €",Igbo,2019-03-27,he,-46.307998
"86,13 €",Chechen,1980-01-10,ce,150.165171
"59,01 €",Wolof,2006-02-21,fi,-160.574572
"67,03 €",Herero,2002-08-10,gez,-162.936900
"4,35 €",Northern Sami,2014-11-08,el,176.401409
"720,20 €",Portuguese,1977-12-01,nan,-6.698169
"39,11 €",Komi,2000-10-21,fr,-45.786351
"49,51 €",Avestan,1993-05-16,se,57.980724
"32,18 €",Gaelic,2017-09-06,sc,50.147778
"92.500,19 €",Western Frisian,1982-12-17,quz,-94.597774
"640,61 €",Turkish,2001-10-26,cv,-64.569339
"8.022,19 €",Kirghiz,1988-07-07,as,5.774208
"2,40 €",Vietnamese,2009-02-18,cmn,-173.981212
"37,03 €",Welsh,2012-08-16,ln,-35.355585
"644,07 €",Burmese,2002-04-01,csb,22.630193
"87.096,33 €",Turkish,1976-09-30,hr,170.657385
"6,48 €",Kikuyu,1984-10-16,ast,-114.037425
"270,10 €",Corsican,1994-04-22,sw,-103.615317
"1,98 €",Limburgan,1999-12-10,mai,144.007590
"7,23 €",Inuktitut,1976-09-22,nl,-60.142192
"327,87 €",Burmese,1974-01-28,iw,-80.549305
"837,52 €",Welsh,2020-10-27,ha,-17.863481
"4.147,17 €",Burmese,2007-03-23,raj,134.699832
"6.211,79 €",Walloon,2005-10-25,uz,47.298127
"4,04 €",Chechen,2012-03-21,yue,-143.209794
"814,69 €",Kongo,1998-06-03,st,-98.727890
"7.348,73 €",Sanskrit,1992-07-07,tk,-126.065664
"4.028,25 €",Oriya,1986-03-22,si,-42.733227
"74,95 €",Oromo,1979-01-06,ka,25.829386
"43,29 €",Corsican,2016-02-04,uk,165.135175
"88,54 €",Telugu,2006-06-20,sw,130.548095
"5,71 €",Icelandic,1983-11-13,mhr,-81.262826
"6.785,85 €",Luxembourgish,1985-04-20,dz,134.744110
"46.317,71 €",Kirghiz,1997-07-05,my,90.242855
"70,44 €",Romanian,2011-04-06,rw,73.054076
"6.413,27 €",Tsonga,2022-11-02,fur,59.601690
"56.458,83 €",Lithuanian,2022-02-20,hu,-149.747145
"35.380,70 €",North Ndebele,2012-08-29,hsb,-161.606182
"4.317,01 €",Chinese,1991-12-02,ug,-138.055260
"23,03 €",Chinese,2017-12-21,my,164.413619
"133,61 €",Manx,1978-10-20,ky,68.233501
"95.685,99 €",Manx,1974-10-14,yo,-125.992752
"1,52 €",Central Khmer,1971-10-08,an,-1.303137
"61.367,33 €",Catalan,1970-05-23,unm,40.129136
"7.646,88 €",Twi,1994-08-28,fi,98.517656
"91.547,73 €",Hindi,2010-03-18,nds,105.018015
"138,80 €",Kuanyama,1988-02-22,sk,17.677476
"17.416,72 €",Assamese,1979-05-02,pa,42.986617
"80.611,12 €",Hindi,2002-07-27,uz,-147.194021
"4,59 €",Bihari languages,1995-02-13,om,32.789761
"5,74 €",Assamese,2012-04-03,li,-42.411811
"9,57 €",Afrikaans,2010-06-28,kl,-31.059685
"536,35 €",Chinese,2000-12-15,kl,-40.556601
"1.368,59 €",Chichewa,1980-10-23,af,-84.647055
"59,70 €",Hungarian,1974-01-20,aa,82.028481
"192,56 €",Sanskrit,1976-11-29,ayc,-23.634056
"40,65 €",Aragonese,1970-04-22,as,-53.512132
"5,99 €",Georgian,2013-07-13,nn,76.067237
"17.884,54 €",Maltese,2006-07-04,ml,11.700979
"0,69 €",Sinhala,2006-10-07,mr,-97.034234
"70,50 €",Bashkir,1973-12-14,mai,124.109346
"83,22 €",Kirghiz,2023-05-08,fi,20.811642
"597,66 €",Divehi,1978-09-18,ro,142.891851
"49,16 €",Marshallese,2001-03-28,szl,-139.211566
"90,79 €",Swahili,2013-01-17,zu,157.247027
"46,80 €",Inupiaq,1980-05-03,pap,28.231804
"94,27 €",Kalaallisut,1994-12-31,ko,57.150924
"138,91 €",Akan,1983-07-15,ky,-126.409071
"85.664,03 €",Estonian,1989-04-15,hi,15.441759
"7,33 €",Ukrainian,1993-02-14,hak,18.822945
"652,38 €",Luba-Katanga,2015-05-29,sd,138.461562
"0,99 €",Lao,1985-03-29,gu,-14.077363
"75,33 €",Interlingue,1991-12-24,wal,-103.613425
"3,06 €",Bislama,1995-02-01,lt,96.644462
"9.581,84 €",Kongo,1996-07-23,ne,158.646580
"9,97 €",Belarusian,2010-04-08,ce,-142.966863
"8.920,96 €",Bulgarian,2015-01-16,ro,-66.763895
"16,19 €",Basque,1971-11-09,ast,137.394824
"8,61 €",Akan,2013-01-06,crh,-160.478309
"472,33 €",Malayalam,2002-06-08,fo,-10.055078
"8.536,44 €",Northern Sami,1982-08-02,ug,50.199021
"3.379,45 €",Akan,1975-10-04,sr,154.769510
"769,85 €",Navajo,2019-05-23,ckb,92.271924
"20,41 €",Xhosa,2018-10-13,iw,-69.334127
"9.588,77 €",Breton,2014-10-08,kw,76.930204
"390,38 €",Sinhala,1978-04-22,cv,35.747517
"36,08 €",Samoan,2015-01-26,ur,-16.400038
"5,62 €",Tonga,2009-02-28,mag,-94.062533
"3.945,50 €",Portuguese,1980-11-13,ce,-19.750490
"23.058,39 €",Samoan,1975-11-13,is,134.307077
"86.264,03 €",Kirghiz,1977-09-19,be,-159.673258
"3.574,37 €",Pali,2016-11-26,nds,2.423028
"71.061,74 €",Finnish,1994-01-06,nso,174.252263
"7.709,65 €",Amharic,1975-09-02,hsb,90.761223
"33.602,71 €",Tajik,1997-10-14,ia,115.870586
"158,35 €",Portuguese,2018-12-24,byn,48.615561
"7,24 €",Zulu,2002-05-19,ku,76.920982
"17,51 €",Yiddish,1996-01-30,ti,167.015940
"473,20 €",Tajik,2013-04-05,ff,-104.928733
"8.757,40 €",Chuvash,1989-12-24,ku,-6.491004
"4.968,56 €",Sinhala,2016-10-08,lb,159.148565
"861,16 €",Slovenian,2016-02-03,mag,179.852125
"20,88 €",Italian,1994-01-28,hu,-76.827591
"9.511,00 €",Danish,2010-05-26,eu,142.875411
"4.070,56 €",Esperanto,2012-03-11,rw,140.763198
"68,13 €",Kashmiri,2023-05-14,bho,131.268659
"773,29 €",Kannada,1978-06-01,cy,-7.291205
"560,60 €",Cornish,1991-08-25,mai,-95.375487
"240,42 €",Malagasy,1988-10-21,km,165.859444
"671,30 €",Fulah,1994-11-20,hak,167.651294
"6,52 €",Bambara,1972-01-17,fa,-69.781295
"86.610,50 €",Samoan,1987-05-18,bg,69.750034
"4,00 €",Kazakh,2012-10-02,lb,114.165389
"82.971,85 €",Kirghiz,2006-02-08,ff,-90.321713
"84,93 €",Japanese,2019-07-17,kok,66.358024
"776,25 €",Western Frisian,1978-04-18,mg,12.812330
"1,21 €",Marathi,1993-01-21,mhr,-28.803731
"1,07 €",Uighur,1998-02-14,gd,-73.732671
"372,44 €",Kanuri,1989-03-12,si,-122.655917
"901,93 €",Kuanyama,1977-09-12,pa,-135.875820
"0,82 €",Urdu,2010-04-17,bem,118.182866
"41.135,16 €",Kinyarwanda,2011-03-21,sq,-41.711189
"57,55 €",Vietnamese,1975-01-25,hu,-77.164397
"1.741,71 €",Tamil,2000-09-29,as,-104.583309
"8.126,48 €",Sindhi,2001-02-07,fil,-164.444070
"3,18 €",Komi,1990-02-04,hr,-83.500248
"56.737,25 €",Ido,1999-05-11,pap,171.399759
"97.300,16 €",Norwegian,1993-07-12,sat,-120.771586
"2,74 €",Gaelic,1989-06-08,nr,174.235939
"27,88 €",Kanuri,1979-09-12,tig,66.340007
"96,43 €",Kongo,2020-04-01,mr,149.786080
"41,01 €",Luxembourgish,2023-05-11,sid,-27.308921
"7.322,60 €",Oromo,1979-12-30,nan,-112.079393
"442,17 €",Hausa,1980-02-12,nl,16.623577
"21,16 €",Swedish,1980-07-24,hak,81.455101
"85,57 €",Tatar,1997-10-30,se,174.304439
"4,85 €",Telugu,1982-09-18,kl,-147.878340
"1,76 €",Venda,2006-11-27,lv,-141.341962
"1,55 €",Dzongkha,2013-01-15,ps,126.081355
"52,51 €",Tajik,1980-07-11,it,-82.591762
"1.019,12 €",Sichuan Yi,2001-01-11,et,-38.086740
"36.947,38 €",Kinyarwanda,2017-06-30,ku,110.654822
"48.656,53 €",Kashmiri,1971-04-23,br,-105.155162
"2.468,90 €",Zulu,1976-11-07,zu,-162.086720
"660,03 €",Sindhi,2005-03-30,iw,18.871123
"676,93 €",Telugu,2020-07-16,lg,-71.691757
"854,89 €",Tigrinya,2012-11-18,ckb,-41.823271
"897,60 €",Ganda,2008-04-07,brx,-4.674781
"19,55 €",Dutch,1978-10-10,ti,126.268741
"47.346,88 €",Tamil,2021-02-13,ar,-39.658559
"5.141,36 €",Norwegian,1984-05-22,ps,42.275563
"2,45 €",Rundi,2000-05-27,li,-120.451436
"5.318,79 €",Bislama,2005-11-30,sd,-0.449231
"97.161,15 €",Swati,1974-01-07,kl,-103.846889
"95.860,15 €",Swahili,2018-04-11,uk,124.787993
"2,80 €",Irish,2023-07-14,ff,-121.202105
"26.896,34 €",Kongo,1976-01-04,os,90.951231
"277,65 €",Quechua,2016-09-30,el,160.991872
"1.373,44 €",Turkish,2023-03-29,cv,132.851025
"38,10 €",Thai,2020-02-10,szl,27.770251
"63.556,79 €",Hungarian,2010-09-27,fur,141.048867
"34,38 €",Croatian,1970-04-10,tl,-86.384765
"53,33 €",Church Slavic,1998-11-21,nr,-42.447836
"78.952,76 €",Bihari languages,2002-06-15,pl,-33.965481
"8.128,34 €",Uzbek,1998-12-15,gu,26.388796
"513,70 €",Avestan,1995-01-28,sl,111.023220
"81.381,69 €",Sardinian,1989-01-28,xh,-51.592096
"9,22 €",Indonesian,1984-09-18,raj,-36.799853
"4,67 €",Gujarati,2011-04-12,lzh,-25.540922
"8.862,60 €",Azerbaijani,2005-10-02,sw,-73.605164
"908,61 €",Malagasy,2019-11-18,ml,173.473302
"7.320,69 €",Samoan,1970-10-23,hy,66.822830
"45.000,44 €",Kuanyama,1997-06-22,li,106.340709
"87.658,84 €",Quechua,1991-10-23,ti,-53.265299
"5,18 €",Kashmiri,1971-11-25,ml,-4.278428
"42.293,79 €",Uighur,1985-12-20,oc,-88.164904
"3.691,38 €","Sotho, Southern",2008-06-30,mn,-121.002888
"496,79 €",Maori,1986-03-29,si,-89.304722
"69.945,92 €",Marshallese,1981-05-10,ku,-43.426564
"7.540,75 €",Somali,2017-02-28,oc,77.950045
"6.914,41 €",Interlingue,1986-06-27,nl,-106.483763
"22,27 €",Russian,2005-06-08,fur,16.087433
"7.350,47 €",Chinese,2011-06-01,sl,135.648799
"33.764,42 €",Italian,2012-05-05,pl,1.803685
"1,66 €",Central Khmer,1989-02-11,es,91.785926
"2,40 €",French,2002-03-01,ve,-63.721364
"37,50 €",Ndonga,1998-12-05,sw,-155.054325
"72.591,93 €",Samoan,1991-12-04,ml,-171.582864
"9.390,87 €",Fijian,2018-09-21,si,-7.759820
"1,14 €",South Ndebele,2003-03-19,gv,-170.607896
"47,56 €",Maltese,1998-08-30,ik,4.621950
"9,08 €",Lithuanian,1984-07-06,sc,163.865414
"19.490,74 €",Catalan,2018-10-15,st,-84.788142
"326,20 €",Kashmiri,1994-08-14,ar,-15.715612
"367,98 €",Afar,1983-02-14,ta,97.822134
"69.935,36 €",Esperanto,2001-06-21,ts,-122.665226
"0,29 €",Ukrainian,2012-01-10,ur,32.350855
"1,45 €",Limburgan,2014-10-05,mi,90.629573
"43.746,03 €",Thai,2018-07-11,ik,-149.864411
"3,47 €",Tamil,1975-03-14,apn,142.723325
"6,79 €",Portuguese,1980-10-15,pa,-127.312181
"28,48 €",Sanskrit,2017-11-28,oc,50.616809
"3,24 €",Assamese,1991-05-08,bo,-71.313636
"9,74 €",Korean,1971-12-13,eu,116.895145
"26.992,83 €",Greek,1994-09-26,cv,-27.799890
"673,85 €",Malay,2019-12-21,lij,101.522656
"5.814,97 €",Tagalog,2021-10-07,lg,152.189506
"79,77 €",Tswana,2017-03-04,eu,36.598925
"65,74 €",Mongolian,2018-05-23,lt,-7.767019
"81,16 €",Oriya,2014-12-22,bg,152.958487
"60.850,32 €",Danish,1987-12-23,kn,-156.250449
"8.689,90 €",Yoruba,1998-07-01,tig,-129.710868
"9.935,07 €",Manx,1992-08-12,kok,162.622843
"5,56 €",Chamorro,1982-06-25,mg,-59.631603
"964,28 €",Quechua,1977-02-09,om,-26.275713
"9.301,18 €",Spanish,1994-07-10,fy,179.854021
"38,87 €",Ganda,2007-09-13,ml,-139.743453
"3,03 €",Norwegian Nynorsk,1979-11-13,fr,32.734315
"87,95 €",Slovenian,1970-03-17,sv,166.822018
"35.555,73 €",Church Slavic,1971-05-16,xh,-103.659986
"5,44 €",Finnish,1996-04-03,bo,-19.051390
"522,52 €",Tigrinya,1998-11-11,da,-2.119475
"3,39 €",Nauru,1985-05-28,bs,-148.961344
"108,74 €",Marathi,1987-07-25,rw,-139.258498
"9,67 €",Hiri Motu,2010-04-29,cv,168.109299
"2,65 €",Navajo,1975-11-13,lt,-179.898334
"66,55 €",Ganda,2011-05-01,wa,78.844148
"33.897,58 €",North Ndebele,1991-01-06,xh,-144.216180
"4,24 €",Kannada,1985-11-01,the,122.908907
"53.586,26 €",Inuktitut,1976-09-13,zu,36.776090
"6.359,22 €",Aragonese,2002-01-13,as,64.880233
"9,07 €",Belarusian,1986-03-25,tr,112.594203
"17.279,41 €",Lingala,1982-12-08,ar,72.008855
"4.809,22 €",Walloon,1972-06-19,nl,152.783005
"47.446,66 €",Czech,1976-06-07,be,-45.930763
"697,65 €",Bihari languages,2021-06-20,de,-142.505436
"1.043,61 €",Bihari languages,1983-09-08,vi,-123.833565
"9,18 €",Hausa,2009-07-22,or,-110.641924
"63,20 €",Hindi,1995-03-04,yi,-118.027408
"7,67 €",Japanese,1975-07-18,sa,1.353382
"12,78 €",Tibetan,1994-01-01,bn,145.450809
"43,07 €",Kikuyu,1980-11-04,hr,-102.465443
"32.864,78 €",Samoan,2006-06-23,km,23.283479
"6.005,79 €",Avaric,1973-02-25,fil,58.522008
"5.197,69 €",Kirghiz,2020-06-01,kl,18.896294
"3,17 €",Latin,1994-01-22,wa,-99.644776
"96,59 €",Aragonese,1991-03-30,ug,-89.858373
"54.235,12 €",Ganda,1975-02-08,ik,-75.501201
"1,44 €",Norwegian Nynorsk,1971-10-19,nhn,142.207419
"466,43 €",Zhuang,1983-02-09,os,88.456990
"7,64 €",Tsonga,2007-03-11,os,23.422281
"63,96 €",Corsican,1980-08-13,ms,56.007178
"24.180,75 €",Greek,2020-04-19,yi,-57.982089
"1.726,25 €",Uzbek,1989-01-25,my,-9.857606
"573,33 €",Slovenian,2011-05-06,dz,7.697465
"5.148,35 €",Manx,2015-10-10,nds,131.792379
"467,91 €",Esperanto,2006-09-18,km,-38.449209
"906,26 €",Assamese,2017-10-23,mni,-113.104325
"4.808,50 €",Tsonga,1990-08-28,fr,-24.896484
"51,08 €",Yoruba,1982-03-21,lv,-88.287478
"4.162,26 €",Lingala,2017-09-17,ml,11.183396
"102,24 €",Oromo,1992-09-17,csb,-77.010533
"21.334,50 €",Lao,2016-10-12,eo,9.503515
"2,12 €",Afrikaans,1977-10-13,ia,6.762962
"2,52 €",Chamorro,2011-08-22,vi,165.740539
"44,14 €",Maori,1978-06-16,fa,75.849543
"3,03 €",Bambara,1976-05-25,bn,-62.798836
"8.937,00 €",Kanuri,2009-08-26,cy,70.327716
"1.752,33 €",Dzongkha,1995-10-08,bho,-32.044440
"353,25 €",Sundanese,1988-11-12,lo,69.130864
"7.908,58 €",Chichewa,1985-11-01,ko,-12.945388
"54.818,70 €",Amharic,1984-02-24,sw,157.724239
"9,35 €",Burmese,2005-02-08,hr,-6.858173
"4,51 €",Hungarian,1997-05-18,om,-55.268402
"159,51 €",Quechua,2023-04-12,fr,-44.346260
"582,85 €",Ganda,1979-01-18,gu,-176.809293
"72.013,20 €",Gujarati,2002-12-09,kn,-119.373640
"6,76 €",Kongo,2020-12-07,tk,-63.204444
"8,16 €",Interlingua,1983-05-27,sa,-27.771978
"39,52 €",Oriya,2016-12-23,nr,-34.491505
"2.990,85 €",Swedish,2004-06-24,mt,-58.578474
"19.728,34 €",Latvian,1982-07-09,de,-47.250736
"2.457,85 €",Norwegian,2009-12-16,uz,39.791478
"62,53 €",Abkhazian,2016-02-11,mg,-79.518667
"48,85 €",Ndonga,1981-01-15,shs,97.544928
"36,23 €",Bislama,1993-07-26,iw,-107.651348
"0,68 €",Komi,1977-04-30,yue,-0.690136
"3.898,12 €",Kanuri,2007-08-20,sv,151.175504
"9.547,47 €",Lao,2014-01-04,uk,83.482104
"5.024,92 €",Nepali,1974-04-28,os,-178.325353
"56.922,33 €",Malayalam,2004-03-28,gl,-44.975044
"10,97 €",Kalaallisut,2005-04-20,mni,143.008095
"94.186,08 €",Corsican,2023-02-22,nso,24.282704
"151,94 €",South Ndebele,2015-05-11,aa,-118.979042
"5,99 €",Chechen,1993-08-29,af,-64.953158
"5.151,43 €",Amharic,2001-09-30,nhn,16.866483
"6.021,00 €",Zulu,1974-03-19,ja,177.977271
"6,86 €",Occitan,1994-02-04,gv,-156.476262
"75,10 €",Limburgan,1970-08-16,nb,-66.129255
"80,58 €",Chechen,2009-01-31,fil,77.427204
"568,17 €",Amharic,1972-06-19,ayc,-75.442999
"89,75 €",Bengali,1999-11-13,nl,99.258792
"0,79 €",Malay,1970-05-14,hi,55.494875
"13,56 €",Luxembourgish,1985-10-31,as,-123.529169
"31,88 €",Dutch,1975-06-26,az,-56.390701
"347,48 €",Luba-Katanga,2003-03-03,gv,59.844605
"10,76 €",Pali,1996-08-14,lb,-161.548922
"8,61 €",Arabic,1996-06-30,af,31.697744
"654,16 €",Bashkir,2016-03-25,ca,-160.101550
"38,99 €",Twi,1974-08-14,raj,-10.422216
"3,55 €",Bashkir,1998-08-22,it,47.391210
"68,91 €",Zhuang,2000-07-23,sv,-11.955265
"4.349,12 €",Bulgarian,2002-05-31,es,-42.825717
"54,67 €",Pushto,1987-11-13,raj,84.148748
"4.547,90 €",Bosnian,1970-08-01,nso,-24.271113
"2,41 €",Swati,2020-01-15,tk,49.657723
"17.653,35 €",Chamorro,2022-03-21,lij,93.478514
"3.743,98 €",Swahili,2004-04-14,kl,-118.259758
"1.048,49 €",Maori,1980-07-16,cs,-11.512984
"5,71 €",Swahili,1977-03-11,et,179.985747
"920,10 €",Bashkir,2012-12-05,hne,158.624687
"6.285,65 €",Sindhi,1993-06-13,fa,-18.136107
"9.053,02 €",Azerbaijani,1971-03-11,fil,-143.323720
"8.951,22 €",Tatar,2013-02-04,cv,-68.564435
"29,73 €",Catalan,1998-06-29,ko,28.378305
"951,43 €",Somali,2010-05-21,wa,67.190693
"6,29 €",Marshallese,2009-10-03,ja,-33.166886
"171,02 €",Aymara,1979-02-22,or,102.932132
"12,13 €",Arabic,2001-12-27,gu,96.600198
"2.848,97 €",Wolof,1979-10-08,st,-128.855779
"83,52 €",Sichuan Yi,1998-07-21,ayc,-61.385362
"287,21 €",Hindi,1992-02-17,wae,-77.338828
"583,83 €",Arabic,2021-03-20,de,70.469928
"70,40 €",Samoan,1984-04-18,tig,53.818598
"7,27 €",Latvian,2018-04-09,es,-66.708630
"49,49 €",Divehi,1972-01-14,pl,-178.913762
"958,80 €",Hausa,1989-02-19,mn,-23.333295
"9,87 €",Turkish,1983-12-20,da,43.852187
"442,89 €",Turkish,1973-06-23,ca,168.255975
"8,14 €",Samoan,1984-05-08,hy,166.170435
"20,72 €",Sichuan Yi,2022-08-05,raj,-102.663800
"2.945,17 €",Tsonga,1976-04-19,es,82.266282
"21.053,51 €",Gaelic,2000-09-04,bg,-127.531426
"172,02 €",Zulu,1970-05-31,uz,62.501492
"156,82 €",Irish,2000-01-30,my,-2.448593
"5.395,93 €",Romansh,1980-10-26,ro,53.229730
"6,67 €",Ukrainian,1990-01-20,gl,128.932836
"13.045,61 €",Somali,1994-01-30,iu,79.622112
"815,03 €",French,2003-10-27,fil,-150.187684
"48.091,21 €",Russian,1970-01-23,dv,102.643779
"47.544,43 €",Bihari languages,1983-04-19,ce,148.292540
"2.115,64 €",Mongolian,1970-06-30,te,32.392082
"3,63 €",Northern Sami,1983-12-20,unm,-130.159457
"90.075,41 €",Komi,2018-12-08,zh,-48.545253
"34.550,50 €",Avaric,1993-06-28,hi,53.470827
"32.055,12 €",Japanese,1990-06-24,ro,46.549062
"9,72 €",Quechua,1973-03-04,ku,75.540098
"1.080,23 €",Hindi,2011-09-10,hu,-165.927974
"22,64 €",Mongolian,1996-06-06,tr,27.431912
"9.571,75 €",Tsonga,1971-04-09,gd,149.855573
"6.925,38 €",Ido,1977-01-13,rw,-164.975373
"2.938,24 €",Tagalog,1982-09-19,km,-48.114304
"95.409,61 €",Galician,2007-08-27,ar,-114.519806
"71.180,76 €",Akan,1983-03-24,gd,-91.992792
"30.190,75 €",Bengali,1981-01-14,bho,-138.498747
"19.299,87 €",Lithuanian,2003-03-05,mag,5.834265
"5,03 €",Igbo,2013-08-06,gu,0.589945
"1,45 €",Esperanto,2015-02-17,kw,-67.122820
"7.728,87 €",Ndonga,2011-03-02,ast,68.712613
"1.312,69 €",Bulgarian,2019-08-24,th,38.638981
"48.423,62 €",Panjabi,1998-09-29,ff,135.137070
"15.820,33 €",Kazakh,2012-05-19,sw,-139.777802
"90.436,56 €",Chamorro,2001-02-09,nds,174.767301
"75.661,15 €",Interlingua,2009-01-15,en,-4.663304
"2,38 €",Norwegian,1986-09-17,tr,95.551841
"5.266,93 €",Ossetian,1970-11-21,lij,-41.474159
"87.879,96 €",Dzongkha,1980-04-09,hne,119.707406
"43,83 €",Aragonese,1983-05-02,lzh,-106.590822
"77,32 €",Estonian,1985-06-06,mhr,174.957105
"5.245,29 €",Norwegian Nynorsk,1993-03-28,mr,-149.945685
"9,32 €",German,1990-09-24,xh,134.228364
"44.256,37 €",Russian,2015-10-21,ig,175.125797
"20,21 €",Rundi,1977-09-15,csb,112.527783
"9,03 €",Mongolian,1988-11-05,byn,20.583530
"3.337,97 €",Aragonese,1992-10-04,se,149.569222
"39.651,17 €",Czech,1989-02-08,my,115.903387
"9,36 €",Kanuri,2000-02-24,pap,80.653502
"850,92 €",Sango,2009-12-05,ha,173.722787
"93.797,54 €",Turkmen,1975-05-09,ml,-6.235106
"2.827,11 €",Aragonese,1986-10-21,ru,-31.175559
"5,68 €",Occitan,1987-02-28,de,16.727390
"423,99 €",Ossetian,1979-08-08,the,-127.053150
"979,33 €",Fulah,2000-12-28,mni,128.815897
"8.341,92 €",Chuvash,2000-10-09,bs,-158.000073
"273,82 €",Japanese,1975-03-29,lt,61.893000
"2,12 €",Inupiaq,1979-07-16,bo,2.503190
"932,15 €",Gujarati,2015-01-16,sr,122.935678
"63,21 €",Uighur,1997-05-29,ha,121.062646
"69,50 €",Tagalog,1972-06-22,ro,-60.258290
"42,06 €",Avestan,2011-08-12,ts,36.295957
"87.319,44 €",Ojibwa,2021-02-03,tg,-167.393955
"0,72 €",Czech,2005-08-18,uk,100.185241
"37,24 €",Tagalog,1992-04-26,lo,115.270557
"25,12 €",Hiri Motu,1983-08-02,nhn,-4.228906
"1.129,28 €",Russian,2003-09-06,szl,159.692961
"444,18 €",Latvian,2016-03-05,kok,16.810725
"350,92 €",Kashmiri,1976-12-14,or,176.194631
"67.706,87 €",Herero,2012-02-29,ber,59.318325
"1.808,10 €",Kanuri,2021-06-16,sat,-158.610061
"84,89 €",Cornish,2013-08-04,st,90.037648
"39.085,27 €",Marathi,1972-05-23,iw,72.091476
"13,05 €",Kirghiz,2002-04-04,oc,-90.078286
"43,70 €",Herero,2018-08-03,tk,156.224559
"521,40 €",Hausa,1971-10-16,lij,134.492072
"31,86 €",Hiri Motu,2008-02-11,et,171.672842
"9,70 €",Pushto,2021-08-04,ik,-10.496063
"15,30 €",Kikuyu,1987-06-05,dv,146.003749
"16,80 €",Herero,2004-12-26,yue,130.724592
"63,17 €",Basque,1973-03-04,ik,-65.110489
"7,37 €",Telugu,1986-10-21,be,99.159011
"68.729,80 €",Japanese,2017-03-15,ber,-35.808230
"32,83 €",Kazakh,2010-12-18,ku,-72.931553
"93.151,40 €",Bihari languages,1999-11-09,ht,-53.702335
"3,93 €",Sichuan Yi,2006-06-21,ti,122.835451
"35,13 €",Catalan,1988-06-04,te,-52.418958
"22,40 €",Turkmen,1972-11-25,bo,-17.173409
"214,12 €",Luxembourgish,1995-12-01,hne,19.109870
"3,22 €",Interlingue,1988-08-09,sat,-91.187925
"25.776,09 €",Walloon,1996-08-19,os,-43.209539
"962,73 €",Azerbaijani,1989-04-26,doi,-167.603344
"85.926,54 €",Nepali,1981-11-24,sl,-49.540604
"55.248,24 €",Chechen,1980-06-18,mr,-113.886130
"9,30 €",Indonesian,2010-09-08,sq,147.054347
"56,45 €",Quechua,1983-01-16,ayc,-69.065724
"85,71 €",Sanskrit,1989-12-19,st,-50.226973
"7,42 €",Sardinian,1978-09-24,sl,-115.521221
"75.734,87 €",Cornish,1993-12-09,sk,178.426005
"76.591,98 €",Czech,1974-06-19,sd,41.510724
"1,68 €",Czech,2009-11-16,ckb,-157.395235
"87,38 €",Lithuanian,1994-01-09,hr,153.183205
"4.123,78 €",Bashkir,1998-03-24,ky,49.329828
"489,38 €",Oromo,1988-05-31,ta,21.481293
"6,03 €",Avestan,1994-04-19,csb,65.704303
"7,56 €",Abkhazian,1979-04-21,ik,6.250592
"43,33 €",Tswana,2013-08-14,es,28.556486
"8,74 €",Western Frisian,2002-01-02,bo,-88.752164
"97,17 €",Nepali,1983-05-24,da,104.632719
"9.343,02 €",Chamorro,1991-04-30,cs,-167.972808
"31,63 €",Azerbaijani,1993-08-23,et,122.780225
"5,16 €",Turkmen,2000-06-27,lo,-154.944125
"4.415,82 €",Tswana,2009-04-08,mt,-155.455173
"8.303,38 €",Belarusian,2005-08-04,quz,-165.692948
"102,65 €",Mongolian,1982-07-12,sl,-58.996459
"6,60 €",Norwegian Nynorsk,1978-08-11,nb,-40.595691
"1,21 €",Latin,1971-01-20,ur,40.864750
"39,23 €",Fijian,2008-02-29,it,-178.441028
"818,57 €",Pali,1990-11-08,cmn,79.937343
"59,19 €",Cree,1977-06-14,hu,-29.852032
"8.251,42 €",Luba-Katanga,1980-12-10,cy,31.250235
"53.678,91 €",English,2022-08-21,es,-177.980898
"38,65 €",Hebrew,1976-06-10,apn,5.034620
"35,25 €",Hindi,2018-01-12,sr,-47.141185
"32.235,71 €",Kurdish,2003-08-17,iu,-74.269158
"4.859,35 €",Shona,2011-11-08,br,26.403136
"748,91 €",Bosnian,2005-11-29,sr,168.703410
"27,04 €",Belarusian,2015-09-03,cmn,127.938316
"4,80 €",Cornish,1985-06-16,fa,-28.795297
"1.727,46 €",Cree,2018-10-18,rw,-133.786825
"1.883,13 €",Persian,1994-11-24,nds,76.467730
"1,49 €",Dzongkha,2000-03-01,xh,-130.412693
"51.457,51 €",Tswana,2021-12-26,my,44.815113
"3,19 €",Faroese,2018-10-06,raj,-139.277723
"8,83 €",Assamese,2013-08-26,ur,-135.563902
"7.750,37 €",Portuguese,2016-12-01,om,-119.554649
"605,67 €",Occitan,2001-04-13,ku,168.403052
"8.111,19 €",Northern Sami,1995-05-31,dz,91.954407
"50.835,24 €",Tatar,2022-06-04,bhb,-36.067878
"353,44 €",Belarusian,1977-04-03,kw,-2.177428
"239,11 €",Rundi,2023-03-26,bn,28.457687
"3.468,84 €",Abkhazian,1974-03-26,es,81.787647
"55,60 €",Limburgan,2014-04-29,nb,-38.224142
"150,93 €",Aymara,1995-05-29,be,-38.063828
"57.605,03 €",Russian,2017-04-22,ak,155.641569
"54,06 €",Telugu,1975-05-17,ga,-34.311305
"2.397,60 €",Navajo,1996-09-25,oc,130.868991
"50.721,82 €",Tswana,1982-08-18,he,-26.077164
"6.488,98 €",Ido,2003-03-29,fo,-158.460370
"161,12 €",Croatian,2020-12-27,hsb,-143.750110
"62,02 €",Chechen,1981-04-29,mag,53.653565
"53.645,36 €",Hiri Motu,1981-10-10,li,-123.133612
"16.413,57 €",Malay,1977-02-01,bn,20.994440
"5,69 €",Bosnian,1990-09-13,hu,-2.305347
"8.652,73 €",Estonian,2003-05-16,hi,-63.381921
"27.983,46 €",Albanian,2019-01-01,ks,-70.919198
"1.989,60 €",Akan,2016-09-28,se,-48.559536
"3.063,26 €",Yoruba,2015-02-09,wae,-104.587018
"4,72 €",Northern Sami,1985-12-05,nhn,-19.694462
"9,68 €",Gujarati,1970-03-02,nb,-176.274013
"9.593,52 €",Xhosa,1973-11-04,om,116.144977
"96,48 €",Aragonese,1988-12-27,bg,-81.161047
"315,69 €",Tamil,1996-12-31,da,40.581621
"537,35 €",Sanskrit,2007-06-19,af,171.163476
"680,43 €",Samoan,2002-10-31,mn,176.849295
"1,64 €",Icelandic,2005-05-16,gd,-134.674518
"19.735,62 €",Burmese,2001-07-29,apn,-57.996711
"5.656,84 €",Sinhala,1991-05-04,ti,-4.003458
"73,00 €",Oriya,1997-02-11,tr,132.762663
"54.382,92 €",Somali,1998-03-06,cmn,-65.588700
"421,93 €",Danish,2009-12-25,lzh,134.677115
"48,40 €",Tamil,1984-09-04,ak,-114.937727
"9.303,66 €",Sindhi,2011-08-17,yue,82.416716
"95.983,14 €",Assamese,1989-10-24,az,171.805513
"1.600,41 €",Mongolian,1990-09-02,lzh,111.192724
"3.813,64 €",Oromo,2017-01-20,br,-75.813405
"48.265,66 €",Komi,2006-07-24,ug,109.935107
"72.726,09 €",Hungarian,1978-05-26,pa,-128.283275
"0,33 €",Western Frisian,2002-05-14,fo,-174.694070
"59.161,20 €",Malayalam,1986-08-23,mk,44.960800
"4,81 €",Marshallese,1971-01-21,sa,-9.291819
"345,57 €",Vietnamese,1996-11-16,sw,-145.047341
"6,69 €",Sinhala,2009-09-02,de,56.787349
"21.099,73 €",Slovenian,1988-10-30,mn,-71.390089
"706,61 €",Romanian,1983-06-06,zh,-130.427257
"83,50 €",French,1983-04-17,fur,-122.666934
"61,58 €",Hindi,1994-02-14,ha,78.144888
"0,03 €",Bashkir,2007-07-09,mag,98.159884
"5.757,95 €",Breton,1987-02-20,kk,-14.020109
"27,98 €",Swedish,1995-05-20,so,159.086842
"73,66 €",Manx,1992-09-08,nan,-3.684745
"193,59 €",Kazakh,1994-01-21,ve,-129.978309
"88.655,63 €",Korean,1991-05-03,li,118.268109
"85.818,19 €",English,1970-11-05,te,104.148956
"2.698,46 €",Turkmen,2001-01-06,tn,-95.571455
"49,80 €",Tonga,2007-06-11,nhn,-146.217927
"719,44 €",Croatian,2021-01-11,mk,45.141080
"212,80 €",Bashkir,1992-10-11,uz,-14.319070
"9.209,69 €",Tigrinya,2020-01-21,lg,-0.420384
"996,82 €",Tonga,1992-10-08,pl,-136.833893
"5.603,10 €",Armenian,2003-05-10,ku,-160.064230
"675,72 €",Hungarian,2015-03-14,ms,-83.692138
"74,30 €",Kashmiri,2017-04-10,se,-104.362986
"0,31 €",Church Slavic,2003-11-03,ur,-73.283555
"2.178,82 €",Malagasy,2011-03-28,tn,75.743708
"20.560,03 €",Ojibwa,2010-01-01,hsb,-117.472439
"6.690,92 €",Tsonga,1996-11-18,de,159.423532
"9,95 €",Serbian,2008-04-19,niu,-29.680069
"45,39 €",Igbo,1973-08-08,ckb,-5.276194
"32.463,85 €",Vietnamese,2020-07-05,eo,-156.318884
"6,11 €",Inuktitut,1993-05-27,ug,-143.118646
"1,98 €",Cree,2004-01-30,ik,44.249456
"2.511,11 €",Twi,1997-03-20,sa,104.276928
"5,83 €",Swati,1974-02-15,nl,60.023517
"332,25 €",Mongolian,2009-09-11,fur,135.538736
"3.622,02 €",Tswana,1990-02-14,iu,34.472394
"8.147,19 €",Finnish,1973-10-08,eo,121.591377
"19.221,92 €",Kanuri,2011-08-05,ss,-87.638855
"3.122,44 €",Bihari languages,1997-06-17,sid,-136.249844
"568,63 €",Haitian,1973-09-06,es,-170.974357
"44,49 €",Ewe,1980-05-19,mn,-64.485366
"2,47 €",Walloon,1981-03-23,ga,-14.792132
"129,09 €",German,1974-08-21,gu,-15.363576
"68.025,63 €",Manx,2017-06-30,et,75.836793
"76.735,00 €",Kanuri,2020-09-06,ms,106.830322
"27.308,76 €",Akan,1977-10-14,tn,-52.135641
"10,18 €",Lao,1989-11-16,mag,108.764699
"778,66 €",Kuanyama,1988-10-24,lzh,73.499375
"5.416,49 €",Somali,1991-02-28,kl,148.545503
"37,81 €",Nauru,2001-02-22,tt,-21.951798
"206,09 €",Sinhala,2021-06-18,sl,-105.745648
"308,40 €",Estonian,1999-05-20,fi,173.646578
"9.092,56 €",Herero,2008-10-01,km,163.443139
"9.398,59 €",Akan,2002-03-18,bg,-57.641647
"125,62 €",Marathi,2012-05-31,quz,8.664541
"19.697,97 €",Avaric,2021-06-14,mk,-3.998681
"49.575,72 €",Kinyarwanda,1980-02-17,sr,-2.529204
"60,42 €",Estonian,2004-11-10,bs,-80.733587
"8,94 €",Twi,2013-02-22,mk,148.864996
"8.679,47 €",Zhuang,1986-11-03,kw,140.126664
"69,67 €",Hungarian,2020-03-31,ar,-3.997704
"2.974,37 €",Kikuyu,1979-08-19,bem,25.172573
"312,18 €",Azerbaijani,2011-04-05,mi,-40.483286
"92.858,03 €",Kanuri,2019-01-15,nn,116.150769
"161,73 €",Ndonga,2011-11-28,ks,170.609192
"9.426,52 €",Ganda,1999-11-16,id,8.078512
"195,66 €",Ganda,2011-07-25,zu,-72.416062
"7.641,40 €",Tonga,1988-04-10,wal,46.817357
"146,45 €",Herero,1995-06-06,mk,61.035356
"8,66 €",Samoan,1990-11-26,wa,177.938508
"96.209,43 €",Swedish,1978-12-25,shs,100.464853
"40,31 €",Navajo,2004-04-13,the,151.652894
"435,64 €",English,2015-06-07,tcy,80.965553
"24,22 €",Albanian,2017-03-28,nso,45.014524
"3.140,51 €",Inuktitut,1978-11-23,gv,142.476199
"4.785,80 €",Avestan,2004-10-13,ast,-1.012387
"459,31 €",Swati,2021-02-01,mni,43.932253
"54.249,97 €",Herero,1990-05-12,ta,-178.534044
"57,89 €",Western Frisian,1986-08-26,mi,174.824776
"979,43 €",Herero,1979-02-03,ug,13.708972
"848,37 €",Marshallese,2004-05-03,ia,107.921786
"36.556,13 €",Kalaallisut,1984-03-02,bho,157.285100
"66,85 €",Irish,1991-12-01,ik,-90.714356
"4.832,63 €",Tamil,1990-10-16,bho,-29.036028
"750,39 €",Luba-Katanga,2008-04-03,ak,-152.537261
"7.011,30 €",Basque,1977-08-05,zu,-175.328869
"63,42 €",South Ndebele,1981-08-28,bs,-96.798624
"2.529,85 €",Georgian,1986-07-14,aa,42.448464
"53.288,21 €",Georgian,1981-09-24,hy,147.561201
"37.435,30 €",Samoan,1970-07-14,id,75.308516
"2.741,52 €",Finnish,1991-01-18,my,2.098918
"785,49 €",Central Khmer,2006-08-09,pap,-75.341046
"88,54 €",Tajik,1988-07-19,bn,-167.505086
"8,78 €",Lingala,1973-12-12,tcy,29.061800
"4,61 €",Faroese,1972-02-02,he,85.794692
"1,06 €",Pali,1999-06-26,gd,133.470510
"5.596,07 €",Albanian,1978-07-20,lo,94.668042
"938,90 €",Ganda,2021-06-11,nso,34.951747
"7.046,61 €",Hiri Motu,1973-06-30,nso,102.330484
"19.663,78 €",Tsonga,1973-06-04,gu,-156.277190
"6.382,05 €",Turkish,1990-07-06,hy,-166.197343
"1,39 €",Persian,1985-04-16,zh,-107.848974
"66.123,98 €",Fulah,2001-09-13,mg,-75.925158
"674,66 €",Kuanyama,1987-01-04,id,87.971816
"21.153,28 €",Inupiaq,1997-01-26,ky,-132.947527
"1.127,32 €",Romanian,2000-03-25,ne,10.375635
"86.167,42 €",Malayalam,1993-10-15,es,-40.199643
"8,32 €",Icelandic,2013-11-06,my,-65.089313
"29,60 €",Maori,1973-11-23,tcy,154.969208
"1.565,98 €",Bulgarian,1992-05-04,cs,120.092392
"40.479,32 €",Central Khmer,1999-03-22,ce,4.329029
"1.785,36 €",Twi,1992-05-19,pt,168.107376
"14,76 €",Macedonian,1970-07-06,mt,-169.836133
"19,92 €",Korean,2007-08-13,gd,110.425276
"98.094,70 €",Kazakh,1999-01-26,ak,-8.860484
"0,42 €",Japanese,1999-01-27,fi,-107.265467
"55,90 €",Kazakh,1992-03-12,sid,99.655132
"46,48 €",Hungarian,2023-05-27,si,-54.800430
"38.670,14 €",Bihari languages,2009-10-12,ckb,-87.895234
"2,06 €",North Ndebele,2007-01-26,ber,-177.018382
"896,12 €",Breton,1999-04-16,nso,-48.019237
"158,70 €",Northern Sami,1979-04-26,sl,-19.575391
"16.111,79 €",Bosnian,1983-01-09,sv,166.012519
"9,29 €",Tagalog,1987-02-17,hak,-22.814758
"8.846,90 €",Finnish,1978-11-26,wa,94.594213
"71,20 €",Welsh,1984-05-07,ve,-95.600129
"15.356,77 €",Afrikaans,2020-09-04,nso,17.239020
"72,90 €",Northern Sami,1971-11-05,se,-136.931223
"318,04 €",Venda,2022-07-25,ve,-78.960363
"706,67 €",Hiri Motu,1992-05-14,bho,-93.255183
"636,99 €",Sindhi,2012-12-29,bg,-152.201230
"591,88 €",Basque,2009-10-06,ast,-22.336399
"9.934,54 €",Persian,1972-06-21,nan,42.621782
"1,53 €",Turkish,1999-09-23,quz,-172.474062
"210,58 €",Lao,1999-08-09,tk,-124.683190
"78.641,58 €",Tatar,1996-03-19,sv,169.871618
"6,07 €",Serbian,2021-10-02,ce,-159.248502
"440,29 €",Sardinian,1998-04-19,shs,66.471703
"4,44 €",Sinhala,1984-01-05,nn,37.246281
"4,27 €",Slovenian,2013-02-12,gu,110.254382
"163,23 €",Latvian,1985-12-06,ml,-60.936387
"24,20 €",Bulgarian,1997-05-23,hu,26.155379
"2.248,56 €",Samoan,1972-01-24,ur,-122.449394
"37.938,69 €",Fulah,2008-12-31,mi,14.365272
"94.025,79 €",Belarusian,1998-04-14,mt,112.401192
"883,99 €",Croatian,1990-08-16,ms,128.348291
"457,07 €",Kongo,2002-01-07,cmn,23.772000
"609,99 €",Aragonese,2023-08-08,wa,-111.796916
"30,23 €",Divehi,1985-08-05,kok,68.193575
"860,34 €",Sinhala,2015-04-20,nhn,-44.133913
"36.994,98 €",North Ndebele,1998-05-16,hak,-169.262873
"39,31 €",Albanian,1978-04-25,an,93.926666
"47,06 €",Inupiaq,1978-06-14,iu,-7.568098
"332,26 €",Walloon,1996-09-12,te,108.178004
"7,04 €",Croatian,1995-03-16,cmn,-15.834489
"48,26 €",Interlingua,2012-06-17,sid,105.556857
"0,37 €",Russian,2018-07-20,wa,-46.786093
"990,91 €",Romanian,2012-03-29,oc,-1.158192
"2,50 €",Assamese,2004-01-26,sid,-35.655427
"967,12 €",Interlingua,1999-06-14,bo,-57.140395
"5.596,66 €",Ganda,2008-06-30,nr,-126.561165
"88,57 €",Tahitian,1977-07-04,os,177.583409
"653,59 €",Yiddish,1978-02-22,ht,-31.390303
"83,13 €","Sotho, Southern",1995-02-06,ce,-99.397914
"2,67 €",Welsh,1982-12-09,tcy,-69.789291
"6.736,44 €",French,1995-12-06,te,-132.418073
"2,75 €",Persian,2007-01-17,az,-16.227246
"55.122,93 €",Guarani,1976-10-05,ro,-162.382504
"8,22 €",Telugu,1997-01-19,hu,-23.814327
"7,28 €",Ganda,1986-02-20,nn,-26.139543
"4,17 €",Tamil,2008-02-03,the,45.380156
"6,82 €",Basque,1994-10-21,am,36.689213
"7,07 €",Kurdish,1994-12-23,nl,133.080223
"77.228,27 €",Inupiaq,1970-09-11,kn,-95.134585
"85,63 €",Lao,1999-01-15,ht,111.637607
"4,26 €",Maltese,1991-07-19,fi,-32.344705
"1,19 €",Malayalam,1987-07-22,vi,-60.986427
"46,32 €",Spanish,2006-06-19,pap,-44.559052
"4.288,06 €",Fijian,1995-04-08,nan,109.696493
"176,62 €",Cree,1991-04-11,ko,92.763776
"33.363,18 €",Bosnian,1984-05-19,ik,-118.172468
"74,97 €",Swahili,2017-12-02,brx,-155.974572
"7,01 €",Maltese,2007-03-03,aa,-116.074803
"1.517,32 €",Malagasy,1998-12-19,br,152.364589
"8,35 €",Telugu,1997-06-25,bhb,-122.295445
"82,93 €",Afrikaans,1978-05-08,ti,110.654596
"2,92 €",Pushto,1976-02-27,gez,-81.934890
"8.758,56 €",Tibetan,1999-01-18,nds,-69.004917
"13,72 €",Tonga,1980-03-13,li,-104.006760
"32.464,52 €",Romanian,2006-09-03,bs,29.068019
"74.000,13 €",Sanskrit,2009-11-10,de,125.645301
"926,85 €",Thai,2004-04-21,ku,-132.747864
"45,12 €",Sango,1986-09-01,shs,63.420933
"8.007,27 €",Chechen,2001-10-29,nhn,-36.141476
"263,20 €",Telugu,1993-04-17,quz,55.020405
"50.563,87 €",Dzongkha,1976-10-17,bem,-91.004530
"80.921,49 €",North Ndebele,2019-09-01,sat,177.621112
"4,61 €",Greek,2011-07-07,or,-130.302959
"2,90 €",Church Slavic,1973-11-22,apn,-134.277202
"6.098,25 €",Belarusian,1982-08-20,hy,-164.917148
"61.829,98 €",Swati,1993-06-27,wa,-111.546634
"99.719,91 €",South Ndebele,1993-05-12,ayc,-49.548407
"790,45 €",Estonian,2015-10-02,hsb,-151.798753
"37.928,10 €",Estonian,2008-08-01,ka,123.156443
"615,30 €",Marathi,1984-09-20,ss,82.101195
"8.532,96 €",Ndonga,2011-06-15,rw,-143.716847
"8.534,70 €",Samoan,2023-09-01,hy,45.988515
"7.001,57 €",Central Khmer,1985-01-18,nan,42.987345
"3,68 €",Samoan,2006-01-04,sr,-3.303811
"7.738,06 €",Kanuri,1987-08-19,sid,79.752229
"48.946,62 €",Bashkir,1985-08-08,sk,20.993191
"638,94 €",Panjabi,1981-07-28,da,23.149148
"15,75 €",Portuguese,1972-10-04,km,-75.056042
"909,08 €",Tonga,2014-08-21,lv,81.837279
"20,45 €",Ganda,2021-04-12,lt,156.468997
"43.578,52 €",Somali,2011-10-01,mni,147.389351
"9.106,34 €",Avestan,1977-08-05,ce,-47.304404
"4,42 €",Interlingua,1976-10-11,km,-138.904145
"24,61 €",Bambara,2005-11-21,nr,-50.931222
"9.296,67 €",Uighur,1991-01-03,mk,170.270233
"4,56 €",Lao,2017-02-05,so,-102.134689
"18,11 €",Marshallese,2018-03-01,fy,158.234049
"2,31 €",Finnish,2006-09-27,nr,0.578458
"2,41 €",French,1979-06-16,br,-2.308821
"20.126,17 €",Basque,1986-08-10,ckb,-1.534377
"9,33 €",Irish,2016-03-21,am,-138.665303
"3,52 €","Sotho, Southern",2003-05-20,nhn,-86.174194
"85,66 €",Panjabi,1985-11-16,kw,-47.490888
"8.664,90 €",Chuvash,1990-12-26,eu,144.488182
"59.351,98 €",Aragonese,1978-04-09,the,-4.782886
"39,46 €",Kannada,2022-05-13,da,-96.639056
"693,57 €",Luxembourgish,1990-07-17,bhb,17.005815
"6.149,86 €",Ossetian,1999-12-10,fil,137.057402
"2.748,53 €",Wolof,2000-03-23,as,-75.959944
"6,82 €",Arabic,2008-01-06,ast,177.965198
"5,17 €",Malagasy,2003-12-02,ro,-38.894700
"583,88 €",Avestan,2003-10-16,dz,-169.069785
"87,52 €",Guarani,1977-08-24,mai,-98.566374
"5.577,98 €",Latin,2008-02-14,ast,78.333757
"4,15 €",Ossetian,1985-06-05,zh,-37.046785
"805,67 €",Tonga,2003-11-21,pt,-22.551059
"8.366,78 €",Mongolian,1982-04-11,ak,158.659023
"95.486,01 €",Ido,1983-02-17,uk,43.764504
"3,86 €",Yiddish,1992-04-18,ber,121.904957
"377,68 €",Greek,1986-05-03,tn,-24.662812
"9.366,58 €",Oromo,1994-04-01,my,110.089358
"638,04 €",Indonesian,2019-02-06,cs,88.300197
"7.071,66 €",Italian,2014-02-01,fr,-133.092481
"8,28 €",Sardinian,2015-07-07,iu,-159.539648
"29,97 €",Kongo,1983-06-15,brx,-168.749560
"7,42 €",Pushto,1992-12-25,sat,89.543642
"6.189,70 €",Mongolian,2023-09-02,aa,-85.760782
"67.563,59 €",Kashmiri,2019-07-04,csb,160.900148
"9.296,86 €",Kurdish,1994-03-07,cy,-44.290150
"8.047,94 €",Rundi,1974-12-19,nl,-166.235679
"3,93 €",Ido,1992-11-11,brx,-158.381597
"5,00 €",Cornish,2018-09-27,ti,-139.574639
"8,20 €",Swati,2009-02-18,fr,-163.410235
"17.398,07 €",Western Frisian,1977-07-17,lij,120.668659
"84,85 €",Swedish,2001-03-03,et,-36.597126
"8.134,85 €",Akan,1995-11-08,ml,118.080942
"6,03 €",Dzongkha,2023-03-27,lt,-84.601849
"10,02 €",Estonian,1980-11-02,pa,149.276621
"2,24 €",Marshallese,2009-01-02,et,-23.177029
"9,72 €",Western Frisian,1979-08-17,eu,26.078985
"13.562,09 €",Pali,1992-04-27,ka,142.710966
"12.433,72 €",Hungarian,1996-04-12,el,-56.504619
"6,15 €",Guarani,1992-12-05,pt,-61.964293
"4,96 €",Japanese,2013-12-25,ig,48.623939
"5.360,34 €",Norwegian,1977-09-07,et,15.234879
"3.357,37 €",Finnish,1990-12-31,fy,12.444797
"3.427,88 €",Komi,1976-10-04,zu,-31.846036
"412,43 €",Komi,1993-03-04,byn,31.301633
"607,42 €",Tagalog,2016-12-27,ky,-103.656630
"1.795,34 €",Interlingua,1997-08-25,mi,6.650935
"2.713,58 €",Swedish,2018-01-19,sq,99.745570
"3,92 €",Latvian,1984-09-14,my,-157.880687
"29,72 €",Turkmen,1981-06-03,bem,-16.822331
"19,74 €",Amharic,2004-10-27,bn,-170.187625
"6.291,43 €",Komi,1978-01-18,ky,-146.958779
"47,10 €",Twi,1986-10-10,hne,-85.249019
"985,44 €",Zhuang,1990-10-12,ku,-30.654865
"533,56 €",Hausa,1987-03-28,ro,114.105338
"823,69 €",Vietnamese,2020-06-04,te,-27.058083
"649,90 €",Turkmen,1990-01-13,mag,57.081445
"61,00 €",South Ndebele,1992-03-05,ko,140.214157
"57.835,34 €",Oriya,1972-07-20,ne,77.876866
"5.935,43 €",Kirghiz,1982-11-22,ha,-34.500628
"4,11 €",Manx,2018-10-12,fa,132.535684
"228,05 €",Hungarian,2010-04-27,apn,55.901548
"4,43 €",Dutch,2022-05-26,sat,-146.458724
"196,43 €",Tsonga,1982-01-13,ka,-71.265064
"1.895,58 €",Bengali,1975-07-20,nr,159.910999
"7.840,47 €",Dzongkha,2009-06-11,ta,76.086852
"50.197,80 €",Croatian,2017-05-21,rw,-45.787747
"7,55 €",Malay,1982-02-02,so,-141.212074
"88,20 €",Burmese,1982-05-02,sv,-79.659623
"486,01 €",Luxembourgish,2009-05-21,iu,-161.494565
"79,15 €",Bosnian,1987-06-13,ak,-132.425806
"4,95 €",Bambara,1998-02-10,ja,-58.446287
"11.561,04 €",Oriya,1994-07-08,bg,103.181173
"70,29 €",Bambara,1990-03-22,wae,-94.377843
"80.061,47 €",Corsican,1983-02-02,cmn,103.430852
"12.784,16 €",Irish,2004-05-21,sa,123.342071
"66.981,87 €",Romansh,2019-02-28,mt,-114.808328
"77,11 €",Kuanyama,2020-10-17,ky,130.606459
"9,33 €",Malay,1976-02-12,hsb,-103.059730
"626,70 €",Tigrinya,2015-02-06,ln,-121.157812
"589,33 €",Marshallese,2009-08-11,an,22.485335
"4.586,79 €",Esperanto,1991-11-21,mag,-37.760082
"6,18 €",Hiri Motu,1991-09-22,apn,7.201889
"203,24 €",Esperanto,1996-12-19,ts,93.299789
"4,72 €",Norwegian Nynorsk,2015-01-20,hi,44.641111
"183,06 €",Bosnian,2004-09-20,hu,102.026817
"2,84 €",Corsican,2008-03-28,ne,-162.957211
"3.972,27 €",Danish,2019-06-27,dz,-74.067013
"2,69 €",Swati,2021-01-21,ff,148.373252
"70,31 €",Marathi,2013-08-20,az,-42.928819
"37.183,96 €",Slovak,2003-08-10,an,-15.226510
"412,25 €",Ndonga,1998-07-30,bhb,163.659933
"374,35 €",Aymara,2004-10-03,bn,9.867952
"8,59 €",Cree,1982-09-26,yi,-128.473694
"49,90 €",Tamil,2002-09-21,yo,-126.279157
"2.994,48 €",Swedish,2022-05-02,kn,-48.002598
"0,45 €",Kazakh,1975-05-14,eo,60.843883
"42,10 €",Macedonian,2013-09-03,he,65.058301
"4,76 €",Chinese,2021-05-28,raj,18.268802
"850,72 €",Latin,1973-11-04,ky,-81.332638
"4,86 €",Ewe,2017-12-09,ug,56.117520
"85,35 €",Guarani,1982-09-09,li,-74.711656
"61.221,57 €",Chinese,1981-08-24,bhb,-162.399441
"65.194,45 €",Nauru,1981-03-11,tl,-59.999160
"9.492,45 €",Pushto,2022-09-01,id,146.847597
"147,19 €",Hungarian,1987-09-02,en,-62.262328
"84.731,69 €",Dzongkha,2016-06-26,sr,75.313753
"959,15 €",Finnish,1981-01-01,yue,-36.146757
"10,23 €",Javanese,2017-03-09,wal,-23.440549
"4,83 €",Samoan,1986-03-07,apn,41.646368
"437,97 €",Inuktitut,1984-06-26,en,3.789981
"41,21 €",Hausa,1977-08-15,hu,24.355301
"44,08 €",Avestan,2016-01-14,fa,-32.169886
"265,51 €",Zhuang,1994-03-07,is,106.080929
"7.529,07 €",Inupiaq,1972-05-28,dz,-71.541539
"78,40 €",Faroese,2008-06-22,quz,-22.010845
"940,08 €",Nepali,1977-10-28,dz,39.495019
"95,92 €",Danish,2003-11-21,nhn,-123.682841
"2,15 €",Ukrainian,1987-02-17,ig,-177.791490
"28,38 €",Lao,1994-10-30,sat,147.471151
"881,35 €",Corsican,1991-02-23,ku,-8.780799
"3.527,62 €",Icelandic,2021-01-18,csb,-24.049747
"17,25 €",Javanese,1994-10-31,de,-46.653943
"77.990,73 €",Walloon,2001-11-13,ug,44.286048
"3,13 €",Tamil,2013-02-06,ckb,-14.318283
"63,98 €",Swati,2016-07-21,mk,94.608760
"54.225,37 €",Latin,1999-07-31,bo,144.571738
"46.811,91 €",Ewe,1993-04-23,szl,27.884935
"1.641,12 €",Assamese,2000-01-30,hak,153.650806
"26,00 €",Belarusian,1973-08-25,byn,85.203518
"96,12 €",Sindhi,2015-12-23,hak,-60.356025
"91.488,75 €",Hungarian,1974-04-27,dv,16.297510
"7.556,84 €",Icelandic,2021-01-11,ht,-42.347149
"2,97 €",Uighur,1977-09-28,lg,-86.348143
"35.890,55 €",Chinese,1970-10-27,nhn,56.336011
"27.638,77 €",Church Slavic,1988-04-06,gl,-13.764303
"75.255,31 €",Thai,2002-05-07,ro,-83.242832
"0,83 €",Tonga,2000-01-28,ce,134.096528
"5,07 €",Chinese,1973-08-07,lt,177.325577
"20,44 €",Macedonian,1972-12-26,ja,-71.301877
"56.237,49 €",Guarani,1970-08-05,bo,129.493475
"2.248,75 €",Kannada,2019-11-22,kw,-110.739066
"51,36 €",Norwegian Nynorsk,1982-09-29,wal,-150.870794
"954,52 €",Romanian,1985-01-18,doi,-129.166461
"56,09 €",English,2017-01-16,zh,138.210106
"6,62 €",Kikuyu,1987-03-16,ak,-74.992487
"4.055,12 €",Interlingue,1972-07-19,mai,-55.123711
"1.966,91 €",Pushto,1998-02-27,ar,74.106488
"6,66 €",Sinhala,2004-12-30,ber,146.321475
"9.119,10 €",Chichewa,2022-04-13,yi,-42.457839
"23,85 €",Nepali,1973-07-11,gv,88.261025
"118,96 €",Korean,2006-12-13,tk,-84.983193
"44.389,63 €",South Ndebele,2008-03-06,el,-120.818978
"9.332,77 €",Ukrainian,2020-05-19,so,43.106576
"56,84 €",Oromo,1978-11-01,ku,84.917380
"174,80 €",French,1983-06-27,fa,175.485605
"6,05 €",Limburgan,2000-11-03,cy,58.692617
"87,82 €",Sundanese,2008-08-07,rw,167.272776
"9.298,76 €",Finnish,2012-01-06,sr,-172.397923
"1.702,95 €",Lingala,2016-12-13,wal,-164.887697
"362,80 €",Marshallese,1970-01-27,zh,73.650150
"5.677,54 €",Central Khmer,2016-12-27,byn,103.388054
"956,84 €",Norwegian,2004-11-02,zh,137.536748
"17,47 €",Lao,1991-01-14,csb,-45.320232
"89.254,82 €",Finnish,1991-06-06,sw,-97.474383
"68,73 €",Tahitian,2023-08-12,xh,30.351482
"283,08 €",Nauru,1995-01-07,ff,-8.435797
"33,62 €",Ossetian,1980-10-05,so,37.564954
"51,14 €",Serbian,1999-11-14,nb,-83.373101
"9,27 €",Rundi,1971-03-01,aa,25.899657
"4,98 €",Akan,2012-08-02,byn,31.916405
"27,03 €",Quechua,1977-10-19,lt,-162.722196
"7.023,61 €",Tibetan,1983-11-18,fa,131.538498
"5,17 €",Burmese,2007-04-08,so,-127.570352
"9.154,74 €",Chamorro,1982-04-27,nr,127.584426
"41,69 €",Inuktitut,1992-09-27,pl,0.312069
"890,38 €",Sardinian,1999-09-04,vi,-100.374022
"74.307,15 €",Slovak,1992-10-26,et,24.217427
"70,38 €",Catalan,1982-03-18,ak,16.492712
"36.320,57 €",Amharic,1973-08-09,ur,-174.839811
"93,06 €",Luba-Katanga,1970-07-29,da,-112.930408
"9.591,12 €",Kinyarwanda,1991-01-23,fy,-40.057801
"563,38 €",Dzongkha,2020-08-02,az,108.363930
"35,26 €",Irish,2001-12-08,ckb,-67.594672
"766,22 €",Nepali,1998-08-16,om,-176.399890
"33.750,37 €",Hebrew,2009-02-06,fi,-21.571752
"4.895,86 €",Vietnamese,2012-01-22,mag,76.557045
"3,11 €",Navajo,2020-07-27,ve,80.078670
"31,36 €",Afrikaans,2021-08-14,ne,-138.936708
"7.953,36 €",Herero,1993-04-12,ht,-49.446682
"979,23 €",Ossetian,1986-07-05,tk,24.212762
"81.117,88 €",Japanese,2021-05-24,ne,-156.780575
"47.128,35 €",Tibetan,1999-09-25,lij,53.009321
"19.941,54 €",Panjabi,2009-07-20,uk,-26.036491
"129,96 €",Akan,2005-05-21,xh,66.341148
"649,38 €",Hebrew,2000-04-13,ms,-35.397042
"82.320,19 €",Oriya,1970-03-16,iw,47.889300
"8.976,53 €",Ndonga,2005-12-03,mhr,175.573704
"71,72 €",Interlingua,2019-03-20,ru,51.643042
"501,69 €",Tonga,1998-04-21,bo,110.342687
"85.832,46 €",Chichewa,1991-12-01,tig,-3.731328
"5,10 €",Tagalog,2002-10-30,lv,-171.829190
"4.533,91 €",Twi,2001-03-01,pap,133.804718
"54.317,18 €",Rundi,1973-02-07,ku,-132.572938
"5.959,49 €",Ukrainian,2007-04-02,si,-73.662623
"5.656,45 €",Kannada,1981-12-09,sid,170.400493
"0,37 €",Corsican,1975-03-12,ug,-10.423286
"72.329,01 €",Maltese,2011-11-22,as,54.966318
"573,30 €",Yoruba,2016-04-13,an,-7.044804
"98,55 €",Walloon,1972-01-13,wal,50.569582
"11,96 €",Tigrinya,2000-11-20,ru,0.694666
"81.320,94 €",Icelandic,2014-11-13,ln,72.653137
"6,02 €",South Ndebele,1975-03-17,nan,34.156637
"5,56 €",Kurdish,1986-01-01,te,76.070793
"40.355,38 €",Vietnamese,1993-04-11,es,3.043280
"9,19 €",Javanese,2002-08-28,fi,-159.110889
"34,87 €","Sotho, Southern",2012-08-20,gd,-77.950127
"1.171,46 €",Avaric,1972-09-30,ast,-62.561575
"386,26 €",Twi,2001-11-15,az,113.342183
"277,54 €",Abkhazian,2008-02-05,et,104.160843
"3.498,29 €",Indonesian,1984-04-16,en,-112.528719
"57,51 €",Sundanese,1971-05-27,as,166.023377
"57,46 €",Church Slavic,2016-01-26,lzh,-109.722555
"3.375,33 €",Western Frisian,1987-06-10,wa,22.540540
"2.502,59 €",Kurdish,1970-10-16,bn,-90.398597
"607,41 €",Rundi,1998-01-13,kl,-39.482554
"215,70 €",Irish,1998-01-11,kn,-107.606260
"9.415,39 €",Sichuan Yi,1983-09-14,bo,-11.927494
"82,38 €",Rundi,2015-03-09,shs,-162.457403
"2,57 €",Sindhi,1989-05-05,vi,-91.391775
"353,11 €",Tatar,2008-04-19,sk,-9.938579
"492,49 €",Komi,2019-01-19,zh,-72.846691
"24,85 €",Kanuri,1977-08-30,lv,171.461607
"5.642,98 €",Maori,2002-07-14,lg,82.022669
"5,11 €",Zulu,1978-08-26,ky,-141.356937
"4.737,13 €",Pushto,2011-02-03,lg,-14.773683
"5,54 €",Sango,1974-12-28,ks,4.141731
"836,57 €",Latin,2020-08-11,fo,62.129845
"81,20 €",Bosnian,1994-08-22,tk,-120.457411
"955,50 €",Icelandic,2022-02-28,wae,-96.826407
"41.271,37 €",Venda,1977-08-17,gv,-110.491567
"6,69 €",Afar,1999-03-29,uz,-174.034769
"661,37 €",Avestan,2017-07-10,fr,172.411543
"675,06 €",Belarusian,2004-02-02,be,-116.499377
"14,52 €",Oromo,1982-01-23,nhn,44.750765
"10.160,38 €",Afrikaans,2023-02-04,ar,-154.663029
"12,81 €",Czech,1995-02-26,el,-90.323044
"68,44 €",Assamese,2021-06-10,fa,78.003611
